no polarizar,,,polarizer horizontal,,,polarizer vertical,
"Polarization of Light 'Brewsters' Data File Wed, Mar 15, 2023 10:34 AM",,,"Polarization of Light 'Brewsters' Data File Wed, Mar 15, 2023 10:40 AM",,,"Polarization of Light 'Brewsters' Data File Wed, Mar 15, 2023 10:43 AM",
Sensor Position (Degrees),Light Intensity (Volts),,Sensor Position (Degrees),Light Intensity (Volts),,Sensor Position (Degrees),Light Intensity (Volts)
180,1.96628,,180,4.20037,,180,4.20069
180,1.96692,,180,4.20181,,180,4.20181
180,1.96434,,180,4.20085,,180,4.1994
180,1.97014,,180,4.19908,,180,4.19972
180,1.96902,,180,4.20391,,180,4.19763
180,1.96499,,180,4.20214,,180,4.20246
180,1.96757,,180,4.20117,,180,4.20037
180,1.97175,,180,4.20165,,180,4.20004
180,1.97095,,180,4.20085,,180,4.20101
180,1.96869,,180,4.19843,,180,4.2023
180,1.9695,,180,4.20117,,180,4.20214
180,1.96805,,180,4.20117,,180,4.20165
180,1.96837,,180,4.20069,,180,4.20117
180,1.96918,,180,4.19972,,180,4.19811
180,1.96966,,180,4.2002,,180,4.19956
180,1.96966,,180.01667,4.20262,,180,4.20246
180,1.96612,,180,4.20181,,180,4.20326
180,1.96918,,180,4.19843,,180,4.20246
180,1.96902,,180,4.20214,,180,4.20181
180,1.97143,,180,4.20262,,180,4.20181
180,1.97336,,180,4.19972,,180,4.20037
180,1.97111,,180,4.20053,,180,4.20246
180,1.97481,,180,4.20198,,180,4.20053
180,1.97208,,180,4.19924,,180,4.20214
180,1.9703,,180,4.19908,,180,4.20133
180,1.96885,,180,4.19892,,180,4.19827
180,1.96708,,180,4.20053,,180,4.19682
180,1.97272,,180,4.20085,,180,4.20246
180,1.97127,,180,4.2023,,180,4.20326
180,1.97014,,180,4.20117,,180,4.20214
180,1.96869,,180,4.19875,,180,4.19811
180,1.9703,,180,4.20359,,180,4.20004
180,1.9724,,180,4.2023,,180,4.20004
180,1.97288,,180,4.20133,,180,4.20246
180,1.97224,,180,4.20359,,180,4.20326
180,1.97272,,180,4.20037,,180,4.20504
180,1.97127,,180,4.19892,,180,4.20133
180,1.96934,,180,4.2002,,180,4.19972
180,1.97014,,180,4.20149,,180,4.20294
180,1.96966,,180,4.19827,,180,4.20133
180,1.97095,,180,4.20085,,180,4.2023
180,1.97079,,180,4.20214,,180,4.20053
180,1.9703,,180,4.19972,,180,4.20069
180,1.96918,,180.01667,4.20181,,180,4.20004
180,1.97159,,180.01667,4.2002,,180,4.2023
180,1.97175,,180,4.19956,,180,4.20423
180,1.96998,,180,4.20278,,180,4.20149
180,1.96676,,180,4.20439,,180,4.20069
180,1.96708,,180,4.20085,,180,4.20117
180,1.9666,,180,4.20133,,180,4.20488
180,1.96724,,180.01667,4.20069,,180,4.20407
180,1.96579,,180.01667,4.2002,,180,4.20181
180,1.96515,,180.01667,4.19908,,180,4.20133
180,1.9666,,180.01667,4.19908,,180,4.20407
180,1.96885,,180.01667,4.19956,,180,4.20165
180,1.96837,,180.01667,4.19972,,180,4.20085
180,1.9666,,180.01667,4.1994,,180,4.20165
180,1.9674,,180.01667,4.19875,,180,4.20246
180,1.96418,,180.03333,4.20471,,180,4.20165
180,1.9674,,180.03333,4.20181,,180,4.20343
180,1.96676,,180.03333,4.19811,,180,4.2023
180,1.97014,,180.03333,4.20262,,180,4.20246
180,1.97175,,180.03333,4.20053,,180,4.20149
180,1.97272,,180.03333,4.20037,,180,4.20181
180,1.97063,,180.03333,4.20278,,180,4.19972
180,1.9674,,180.03333,4.20037,,180,4.19988
180,1.9666,,180.03333,4.19908,,180,4.2002
180,1.97046,,180.03333,4.20133,,180,4.20181
180,1.97014,,180.03333,4.19811,,180,4.20471
180,1.96773,,180.05,4.20117,,180,4.19988
180,1.96644,,180.05,4.2023,,180,4.19827
180,1.96837,,180.05,4.19811,,180,4.20278
180,1.96467,,180.05,4.20214,,180,4.20037
180,1.96354,,180.06667,4.2031,,180,4.20359
180,1.96595,,180.06667,4.20117,,180,4.20149
180,1.96563,,180.13333,4.20359,,180,4.20375
180,1.96757,,180.25,4.20037,,180,4.20407
180,1.9674,,180.3,4.20165,,180,4.20214
180,1.96837,,180.31667,4.20165,,180,4.19924
180,1.96708,,180.3,4.19972,,180,4.20198
180,1.96628,,180.31667,4.19859,,180,4.20375
180,1.97046,,180.31667,4.19634,,180,4.19972
180,1.96902,,180.3,4.20117,,180,4.20037
180,1.96692,,180.3,4.19972,,180,4.20069
180,1.97063,,180.31667,4.17942,,180,4.19988
180,1.96708,,180.31667,3.25237,,180.01667,4.20214
180,1.96773,,180.31667,2.51831,,180.01667,4.20069
180,1.96628,,180.31667,2.06132,,180.01667,4.20117
180,1.96757,,180.3,1.67665,,180.01667,4.19795
180,1.96644,,180.31667,1.62398,,180.01667,4.19892
180,1.96563,,180.3,1.64621,,180.01667,4.20085
180,1.96918,,180.35,1.78458,,180.01667,4.19924
180,1.9674,,180.31667,1.8859,,180.01667,4.20407
180,1.96982,,180.31667,1.96112,,180.01667,4.20133
180,1.97095,,180.31667,2.04424,,180.01667,4.20181
180,1.97079,,180.31667,2.11737,,180.01667,4.19859
180,1.96837,,180.3,2.20194,,180.01667,2.61077
180,1.96579,,180.26667,2.25413,,180.01667,1.34627
180,1.96676,,180.23333,2.28748,,180.01667,1.3482
180,1.96644,,180.21667,2.35046,,180,1.3532
180,1.9695,,180.21667,2.38703,,180,1.34788
180,1.96773,,180.2,2.38171,,180,1.33177
180,1.96821,,180.15,2.29456,,180,1.33612
180,1.97046,,180.11667,2.12623,,180,1.33806
180,1.96757,,180.08333,1.87365,,180,1.33338
180,1.96773,,180.03333,1.33403,,180,1.33757
180,1.96531,,180.05,1.15201,,180,1.33886
180,1.96386,,180.08333,1.34498,,180,1.33177
180,1.96579,,180.1,1.76911,,180,1.33419
180,1.96757,,180.13333,2.20162,,180,1.33838
180,1.96241,,180.16667,2.4927,,180,1.33564
180,1.96483,,180.2,2.87398,,180,1.33145
180,1.96306,,180.23333,3.03023,,180,1.33145
180,1.9666,,180.25,3.15201,,180,1.33322
180,1.96241,,180.28333,3.23046,,180,1.33499
180,1.96418,,180.33333,3.35998,,180,1.33596
180,1.96273,,180.35,3.41217,,180,1.33773
180,1.96515,,180.35,3.4265,,180,1.33822
180,1.96434,,180.36667,3.46323,,180,1.3358
180,1.96547,,180.35,3.44873,,180,1.33661
180,1.9637,,180.33333,3.3909,,180,1.33789
180,1.96225,,180.35,3.35514,,180,1.33773
180,1.96209,,180.3,3.20727,,180,1.33403
180,1.96612,,180.28333,3.29296,,180,1.33548
180,1.96644,,180.25,2.97144,,180,1.33193
180,1.96869,,180.21667,2.54215,,180,1.33596
180,1.96821,,180.2,1.84514,,180,1.33016
180,1.96773,,180.2,0.91956,,180,1.33258
180,1.96547,,180.18333,0.40539,,180,1.33113
180,1.9674,,180.18333,0.18954,,180,1.33113
180,1.96595,,180.16667,0.10787,,180,1.33129
180,1.96418,,180.18333,0.06422,,180,1.33242
180,1.96547,,180.2,0.0784,,180,1.33097
180,1.96434,,180.21667,0.22192,,180,1.33177
180,1.96579,,180.21667,0.56647,,180,1.33161
180,1.96676,,180.25,1.98722,,180,1.33467
180,1.96563,,180.31667,3.07341,,180,1.33258
180,1.96595,,180.3,3.1169,,180,1.33129
180.01667,1.96789,,180.3,3.2208,,180,1.33387
180.01667,1.96579,,180.3,3.34693,,180,1.33403
180.01667,1.96837,,180.3,3.55731,,180,1.33757
180.01667,1.97127,,180.33333,3.66362,,180,1.33499
180.01667,1.96902,,180.35,3.74143,,180,1.33532
180.01667,1.97159,,180.36667,3.76511,,180,1.33387
180.01667,1.97046,,180.38333,3.78685,,180,1.33226
180.01667,1.97063,,180.33333,3.72371,,180,1.33612
180.01667,1.96773,,180.35,3.66539,,180,1.33306
180.01667,1.96692,,180.36667,3.62593,,180,1.28731
180.01667,1.96692,,180.36667,3.57664,,180,1.0858
180.01667,1.96612,,180.36667,3.4737,,180.01667,0.94244
180.01667,1.9703,,180.36667,3.33807,,180.01667,0.89895
180.01667,1.97369,,180.33333,3.31342,,180.01667,0.88993
180.01667,1.97111,,180.31667,3.32421,,180.01667,0.87559
180.01667,1.97095,,180.28333,3.268,,180.03333,0.87688
180.01667,1.97224,,180.3,3.3218,,180.03333,0.87366
180.01667,1.97304,,180.28333,3.32663,,180.03333,0.8648
180.01667,1.97208,,180.28333,3.3719,,180.06667,0.87945
180.01667,1.97626,,180.25,3.33146,,180.26667,0.9099
180.01667,1.97723,,180.25,3.32695,,180.7,0.89202
180.01667,1.98094,,180.23333,3.30843,,181.18333,0.84482
180.01667,2.00252,,180.21667,3.30199,,181.58333,0.72627
180.01667,2.00542,,180.2,3.27653,,181.8,0.68664
180.01667,2.00816,,180.16667,3.23191,,182.01667,0.63284
180.01667,2.00864,,180.16667,3.19035,,182.16667,0.58355
180.01667,2.00671,,180.15,3.11174,,182.33333,0.41779
180.01667,2.00687,,180.18333,2.98175,,182.46667,0.17408
180.01667,2.00768,,180.16667,2.80375,,182.61667,0.07082
180.03333,2.00655,,180.13333,2.63445,,182.8,0.06277
180.03333,2.00864,,180.11667,2.479,,183,0.1119
180.03333,2.00784,,180.1,2.32308,,183.23333,0.21821
180.03333,2.01154,,180.1,2.11496,,183.48333,0.26751
180.03333,2.01154,,180.1,1.94711,,183.75,0.24205
180.03333,2.01186,,180.11667,1.82436,,184,0.42375
180.03333,2.01138,,180.13333,1.8184,,184.21667,0.54183
180.05,2.01106,,180.15,2.01299,,184.41667,0.56841
180.05,2.01557,,180.13333,2.01331,,184.65,0.60658
180.05,2.01782,,180.15,2.17053,,184.9,0.57517
180.05,2.01605,,180.13333,2.16876,,185.16667,0.40298
180.05,2.01364,,180.15,2.28554,,185.43333,0.1868
180.08333,2.02523,,180.16667,2.39846,,185.68333,0.10159
180.16667,2.05536,,180.15,2.39814,,186,0.17939
180.4,2.09289,,180.18333,2.53909,,186.36667,0.52137
180.65,2.11077,,180.15,2.50639,,186.73333,0.82855
180.85,2.09047,,180.15,2.51589,,187.06667,0.91183
180.98333,2.0523,,180.15,2.56728,,187.4,0.96225
181.06667,2.02411,,180.13333,2.52507,,187.68333,1.00429
181.11667,1.99753,,180.15,2.46934,,187.93333,0.98174
181.16667,1.95371,,180.15,2.53667,,188.21667,0.90442
181.25,1.84498,,180.15,2.54537,,188.56667,0.82855
181.4,1.65651,,180.16667,2.56245,,188.93333,0.77298
181.53333,1.39379,,180.16667,2.59144,,189.3,0.61367
181.68333,1.20404,,180.13333,2.55729,,189.65,0.63026
181.83333,0.96789,,180.13333,2.57984,,189.95,0.68422
181.98333,0.66634,,180.11667,2.55504,,190.25,0.77701
182.11667,0.35739,,180.11667,2.55004,,190.48333,0.8946
182.26667,0.11706,,180.11667,2.54473,,190.68333,0.92198
182.41667,0.01815,,180.1,2.50623,,190.88333,0.89444
182.6,0.00156,,180.08333,2.47739,,191.13333,0.89572
182.75,0.00075,,180.06667,2.45871,,191.41667,0.90764
182.9,0.00027,,180.05,2.44292,,191.68333,0.91312
183.06667,-0.00021,,180.03333,2.39814,,191.96667,0.91344
183.25,0.00043,,180.01667,2.34353,,192.21667,0.90362
183.41667,0.00059,,180.01667,2.23674,,192.41667,0.92311
183.55,0.00124,,180.01667,2.13187,,192.55,0.93277
183.71667,0.00398,,180.01667,2.08564,,192.65,0.96563
183.9,0.28216,,180.01667,2.07517,,192.73333,0.95098
184.11667,0.50736,,180.01667,2.07356,,192.83333,0.92778
184.26667,0.57066,,180.01667,2.06405,,192.95,0.92214
184.41667,0.6127,,180.01667,2.04682,,193.06667,0.89444
184.56667,0.66699,,180.01667,2.01315,,193.21667,0.85513
184.76667,0.72127,,180.01667,1.95871,,193.45,0.84611
185.01667,0.70871,,180.03333,1.8598,,193.75,0.83419
185.25,0.62108,,180.06667,1.71595,,194.1,0.8743
185.46667,0.64105,,180.08333,1.63912,,194.36667,0.88461
185.61667,0.72997,,180.1,1.56389,,194.51667,0.87543
185.75,0.7915,,180.1,1.52604,,194.68333,0.85819
185.88333,0.8714,,180.1,1.48029,,194.86667,0.84386
186.06667,0.9608,,180.1,1.42552,,195.08333,0.80278
186.31667,1.0196,,180.1,1.40394,,195.33333,0.78426
186.61667,1.056,,180.11667,1.5407,,195.65,0.71016
186.9,1.1003,,180.11667,1.65136,,196.05,0.58661
187.11667,1.11528,,180.11667,1.6549,,196.46667,0.60723
187.26667,1.14621,,180.11667,1.69566,,196.78333,0.53522
187.41667,1.15555,,180.11667,1.70661,,197,0.55391
187.51667,1.19373,,180.11667,1.70001,,197.25,0.56454
187.58333,1.22659,,180.13333,1.72159,,197.5,0.65893
187.68333,1.24108,,180.15,1.72336,,197.7,0.76509
187.78333,1.25123,,180.16667,1.73303,,197.86667,0.80616
187.9,1.27153,,180.15,1.72787,,198.1,0.83419
188.08333,1.30858,,180.16667,1.74495,,198.45,0.79956
188.26667,1.33822,,180.15,1.75864,,199.08333,0.80938
188.46667,1.32452,,180.15,1.75349,,199.7,0.75236
188.58333,1.29617,,180.15,1.77394,,200.03333,0.71982
188.68333,1.29505,,180.13333,1.7667,,200.2,0.72433
188.83333,1.30068,,180.13333,1.7675,,200.38333,0.61576
188.96667,1.31083,,180.13333,1.75188,,200.58333,0.57243
189.1,1.3453,,180.13333,1.73577,,200.8,0.6723
189.23333,1.36592,,180.11667,1.70709,,200.96667,0.71998
189.41667,1.34466,,180.1,1.67601,,201.16667,0.76348
189.61667,1.36479,,180.11667,1.7079,,201.4,0.71354
189.76667,1.37269,,180.1,1.71934,,201.6,0.6992
189.9,1.36222,,180.1,1.74221,,201.75,0.66473
190.05,1.30777,,180.1,1.74608,,201.91667,0.62656
190.15,1.25091,,180.1,1.74624,,202.11667,0.55149
190.26667,1.23786,,180.1,1.7406,,202.36667,0.47369
190.4,1.25751,,180.08333,1.7311,,202.6,0.37736
190.55,1.2799,,180.06667,1.71128,,202.8,0.23819
190.7,1.29215,,180.05,1.68036,,202.93333,0.15878
190.81667,1.3176,,180.03333,1.65555,,202.96667,0.13236
190.91667,1.33097,,180.01667,1.62559,,202.96667,0.1599
191,1.32694,,180.01667,1.5887,,202.96667,0.16361
191.08333,1.32114,,180.01667,1.59933,,202.96667,0.12157
191.15,1.31728,,180,1.60175,,202.95,0.0486
191.23333,1.31454,,180,1.60126,,202.95,0.00011
191.35,1.31663,,180,1.59482,,202.95,0.00059
191.48333,1.32404,,180,1.57775,,202.96667,0.00108
191.6,1.32179,,180,1.556,,202.96667,0.00011
191.68333,1.3176,,179.98333,1.53796,,202.96667,0.06309
191.76667,1.31164,,179.98333,1.53087,,202.96667,0.14975
191.85,1.30938,,179.98333,1.52717,,202.98333,0.44421
191.93333,1.30487,,179.98333,1.52298,,203,0.46338
192.03333,1.31115,,179.96667,1.51299,,203.06667,0.51428
192.16667,1.30761,,179.96667,1.50526,,203.23333,0.5204
192.33333,1.25784,,179.95,1.49898,,203.5,0.484
192.5,1.19969,,179.95,1.48528,,203.81667,0.37366
192.65,1.10513,,179.95,1.4666,,204.1,0.32485
192.8,0.96579,,179.95,1.45113,,204.41667,0.47466
192.95,0.84659,,179.93333,1.43277,,204.83333,0.64814
193.13333,0.61206,,179.93333,1.41602,,205.3,0.59144
193.36667,0.51026,,179.93333,1.40539,,205.75,0.15507
193.56667,0.41216,,179.91667,1.39685,,206.06667,-0.00086
193.71667,0.00478,,179.91667,1.38928,,206.21667,0.00172
193.85,0.03877,,179.91667,1.38638,,206.25,0.00333
193.98333,0.02476,,179.91667,1.37784,,206.31667,0.00446
194.13333,0.10159,,179.91667,1.37398,,206.5,0.13977
194.26667,0.2762,,179.9,1.36931,,206.7,0.44373
194.38333,0.31696,,179.9,1.35368,,206.88333,0.51171
194.53333,0.52201,,179.9,1.33822,,207.03333,0.54988
194.66667,0.62076,,179.9,1.32082,,207.21667,0.57082
194.8,0.8474,,179.9,1.28635,,207.4,0.58532
194.95,1.00639,,179.88333,1.2646,,207.61667,0.59982
195.08333,1.07146,,179.9,1.24527,,207.8,0.57807
195.21667,1.11576,,179.9,1.22224,,207.9,0.58178
195.33333,1.13638,,179.9,1.20097,,207.96667,0.56486
195.43333,1.157,,179.9,1.18471,,208.1,0.54618
195.55,1.16296,,179.9,1.17407,,208.28333,0.53667
195.63333,1.1578,,179.9,1.18052,,208.46667,0.52572
195.75,1.15104,,179.9,1.17456,,208.58333,0.53152
195.88333,1.15136,,179.9,1.17246,,208.7,0.52862
196.01667,1.15313,,179.9,1.16087,,208.86667,0.52765
196.11667,1.1512,,179.91667,1.15426,,209.08333,0.532
196.2,1.15813,,179.91667,1.15136,,209.4,0.54972
196.25,1.15088,,179.91667,1.1454,,209.68333,0.55069
196.31667,1.15265,,179.91667,1.14121,,209.81667,0.55069
196.38333,1.14073,,179.91667,1.15635,,209.93333,0.52588
196.45,1.12897,,179.95,1.17069,,210.08333,0.50864
196.51667,1.11576,,180,1.18181,,210.28333,0.48191
196.56667,1.11077,,180.03333,1.18068,,210.48333,0.4368
196.65,1.10771,,180.05,1.17311,,210.61667,0.38961
196.76667,1.1098,,180.06667,1.17407,,210.75,0.36738
196.86667,1.12027,,180.08333,1.17021,,210.91667,0.35417
196.98333,1.12446,,180.08333,1.16795,,211.1,0.38461
197.1,1.11657,,180.08333,1.16505,,211.25,0.3793
197.28333,1.10658,,180.1,1.1665,,211.36667,0.3946
197.48333,1.0974,,180.1,1.16054,,211.48333,0.37301
197.63333,1.09337,,180.1,1.16715,,211.58333,0.34917
197.73333,1.09257,,180.1,1.18342,,211.71667,0.31422
197.85,1.08032,,180.1,1.13251,,211.88333,0.25945
197.96667,1.07324,,180.1,0.38365,,212.05,0.20984
198.08333,1.07904,,180.1,0.68181,,212.18333,0.21467
198.2,1.07163,,180.1,0.93197,,212.28333,0.25752
198.28333,1.0618,,180.1,0.92246,,212.41667,0.21515
198.36667,1.05294,,180.1,0.90926,,212.61667,0.1446
198.46667,1.04666,,180.1,0.86995,,212.83333,0.18245
198.58333,1.04038,,180.1,0.87704,,213.03333,0.23996
198.7,1.00059,,180.1,0.85642,,213.23333,0.25768
198.86667,0.96354,,180.1,0.82195,,213.4,0.31422
199.01667,0.93245,,180.1,0.83242,,213.51667,0.3648
199.16667,0.90362,,180.1,0.81406,,213.6,0.42907
199.36667,0.90104,,180.1,0.80471,,213.68333,0.43938
199.6,0.88574,,180.1,0.77427,,213.75,0.44598
199.81667,0.92037,,180.1,0.7667,,213.8,0.44051
200.01667,0.91586,,180.1,0.75897,,213.86667,0.436
200.18333,0.8619,,180.1,0.80407,,213.96667,0.42037
200.35,0.79424,,180.1,0.80471,,214.13333,0.40749
200.53333,0.74946,,180.1,0.7886,,214.31667,0.39025
200.68333,0.67085,,180.1,0.78651,,214.51667,0.37865
200.85,0.5829,,180.1,0.78055,,214.75,0.32904
201.01667,0.49705,,180.1,0.78248,,214.93333,0.29731
201.26667,0.44051,,180.1,0.78651,,215.13333,0.2791
201.55,0.22208,,180.1,0.7849,,215.36667,0.29199
201.81667,0.30504,,180.1,0.79022,,215.68333,0.32324
202,0.67456,,180.1,0.78474,,215.96667,0.35884
202.2,0.83629,,180.1,0.77958,,216.15,0.37156
202.43333,0.87188,,180.1,0.74914,,216.3,0.38493
202.68333,0.88976,,180.1,0.76702,,216.43333,0.4033
202.85,0.90974,,180.1,0.76718,,216.6,0.40265
202.93333,0.91344,,180.1,0.77153,,216.81667,0.42005
203.05,0.87462,,180.1,0.77217,,217.03333,0.41119
203.2,0.83226,,180.1,0.77443,,217.21667,0.4062
203.31667,0.81389,,180.1,0.76557,,217.36667,0.40716
203.38333,0.80681,,180.1,0.7435,,217.48333,0.41312
203.46667,0.83129,,180.1,0.74173,,217.6,0.41151
203.53333,0.8619,,180.1,0.73931,,217.71667,0.41425
203.6,0.89444,,180.1,0.75252,,217.83333,0.40024
203.66667,0.88944,,180.1,0.76315,,217.98333,0.38896
203.75,0.8838,,180.08333,0.75462,,218.13333,0.38075
203.8,0.88397,,180.08333,0.75188,,218.3,0.37462
203.86667,0.88074,,180.1,0.73803,,218.51667,0.37108
203.88333,0.87672,,180.1,0.73239,,218.76667,0.39122
203.9,0.87897,,180.08333,0.72836,,219,0.37414
203.91667,0.87801,,180.08333,0.72675,,219.21667,0.34337
203.91667,0.87881,,180.08333,0.72176,,219.38333,0.30504
203.91667,0.88042,,180.08333,0.72514,,219.5,0.18245
203.91667,0.88107,,180.08333,0.72353,,219.58333,0.18858
203.93333,0.88187,,180.08333,0.71982,,219.66667,0.2303
203.93333,0.87366,,180.08333,0.72047,,219.76667,0.27008
203.93333,0.86963,,180.08333,0.72015,,219.83333,0.29247
203.93333,0.88074,,180.08333,0.71547,,219.91667,0.31084
203.95,0.87994,,180.08333,0.71676,,220.01667,0.33645
203.96667,0.88203,,180.08333,0.71467,,220.1,0.3416
203.96667,0.8772,,180.08333,0.71708,,220.18333,0.34273
203.98333,0.86721,,180.08333,0.71596,,220.33333,0.335
204,0.86657,,180.08333,0.71547,,220.51667,0.3292
204.01667,0.86898,,180.08333,0.71596,,220.68333,0.33693
204.08333,0.86335,,180.08333,0.7187,,220.83333,0.33516
204.2,0.84353,,180.08333,0.71966,,221.06667,0.32388
204.33333,0.83548,,180.08333,0.7187,,221.38333,0.27169
204.46667,0.81631,,180.08333,0.72337,,221.68333,0.1744
204.56667,0.80665,,180.08333,0.71918,,221.93333,0.14557
204.65,0.79344,,180.08333,0.72192,,222.1,0.25285
204.75,0.76654,,180.08333,0.7195,,222.2,0.2907
204.86667,0.74173,,180.08333,0.72015,,222.26667,0.30939
204.96667,0.71161,,180.08333,0.71821,,222.35,0.31776
205.03333,0.69034,,180.08333,0.71902,,222.41667,0.32405
205.1,0.66312,,180.08333,0.71805,,222.51667,0.32984
205.2,0.62575,,180.08333,0.72015,,222.66667,0.33645
205.33333,0.5734,,180.08333,0.71596,,222.85,0.34048
205.46667,0.52153,,180.08333,0.71676,,223.03333,0.33822
205.61667,0.43906,,180.08333,0.71596,,223.2,0.32388
205.8,0.46338,,180.08333,0.71886,,223.35,0.31196
206,0.56889,,180.08333,0.7166,,223.48333,0.31084
206.16667,0.71821,,180.08333,0.72031,,223.63333,0.30117
206.26667,0.73013,,180.08333,0.71692,,223.75,0.28812
206.35,0.72095,,180.08333,0.72321,,223.85,0.28184
206.4,0.70871,,180.06667,0.72417,,223.9,0.28007
206.46667,0.70726,,180.06667,0.74286,,223.98333,0.27298
206.56667,0.74737,,180.06667,0.72691,,224.11667,0.27733
206.71667,0.79102,,180.06667,0.73674,,224.26667,0.27943
206.85,0.78764,,180.06667,0.71644,,224.43333,0.29634
206.95,0.78087,,180.06667,0.7137,,224.56667,0.31212
207,0.78587,,180.06667,0.71547,,224.7,0.31825
207.03333,0.78587,,180.06667,0.71499,,224.81667,0.31068
207.1,0.78474,,180.08333,0.72079,,224.91667,0.29924
207.2,0.78877,,180.08333,0.7224,,225.05,0.29537
207.36667,0.77636,,180.08333,0.71821,,225.18333,0.26831
207.68333,0.74753,,180.08333,0.69034,,225.36667,0.19985
208.15,0.67456,,180.08333,0.68229,,225.6,0.13687
208.5,0.6897,,180.08333,0.71451,,225.88333,0.06744
208.7,0.71902,,180.08333,0.70323,,226.16667,0.11109
208.81667,0.72176,,180.08333,0.69872,,226.41667,0.12753
208.9,0.72933,,180.08333,0.69614,,226.6,0.14412
208.96667,0.7348,,180.08333,0.7042,,226.78333,0.16651
209.01667,0.7319,,180.08333,0.69647,,226.96667,0.21
209.11667,0.72611,,180.08333,0.69824,,227.15,0.21129
209.33333,0.71902,,180.08333,0.70178,,227.33333,0.23722
209.58333,0.71354,,180.08333,0.69147,,227.55,0.2485
209.73333,0.70371,,180.08333,0.76509,,227.78333,0.26122
209.81667,0.70565,,180.08333,0.7886,,228.03333,0.26525
209.86667,0.70339,,180.08333,0.79038,,228.28333,0.25091
209.93333,0.70581,,180.08333,0.83371,,228.43333,0.22981
209.98333,0.70194,,180.08333,1.10497,,228.53333,0.21016
210.06667,0.70243,,180.08333,1.08806,,228.65,0.17408
210.15,0.69292,,180.08333,0.25285,,228.78333,0.14025
210.26667,0.6802,,180.08333,0.17553,,228.95,0.1206
210.4,0.66876,,180.08333,0.24044,,229.1,0.15346
210.55,0.65652,,180.08333,0.55471,,229.26667,0.17392
210.68333,0.63284,,180.08333,0.97804,,229.45,0.20307
210.81667,0.59643,,180.08333,1.07565,,229.61667,0.20952
210.95,0.5668,,180.08333,1.10062,,229.73333,0.22127
211.1,0.57936,,180.08333,1.09869,,229.81667,0.22836
211.26667,0.57968,,180.08333,1.08693,,229.93333,0.23384
211.45,0.54698,,180.08333,1.09337,,230.08333,0.24222
211.65,0.61464,,180.08333,1.10433,,230.23333,0.24222
211.76667,0.62317,,180.08333,1.1512,,230.36667,0.25156
211.88333,0.62817,,180.08333,1.03409,,230.46667,0.24511
212,0.62124,,180.08333,0.72466,,230.58333,0.24334
212.1,0.61045,,180.08333,0.67102,,230.71667,0.23658
212.18333,0.61238,,180.08333,0.98319,,230.86667,0.22675
212.3,0.59917,,180.08333,1.13928,,231.06667,0.22595
212.41667,0.59756,,180.08333,0.62462,,231.26667,0.23481
212.61667,0.61963,,180.08333,0.62317,,231.43333,0.24818
212.8,0.62076,,180.08333,0.76476,,231.53333,0.24399
212.93333,0.62881,,180.08333,1.06615,,231.6,0.24447
213.05,0.61528,,180.08333,1.0589,,231.63333,0.24528
213.15,0.61882,,180.08333,1.03989,,231.63333,0.24157
213.21667,0.61931,,180.08333,1.1003,,231.61667,0.24415
213.3,0.60997,,180.08333,1.02652,,231.61667,0.24511
213.41667,0.60239,,180.08333,0.92746,,231.61667,0.24415
213.55,0.59402,,180.08333,0.87913,,231.61667,0.24624
213.7,0.5858,,180.08333,0.88976,,231.61667,0.24334
213.85,0.57549,,180.1,0.89685,,231.6,0.24479
214,0.55278,,180.1,0.9033,,231.6,0.24834
214.13333,0.54247,,180.1,0.91312,,231.61667,0.2427
214.23333,0.54972,,180.1,0.92295,,231.61667,0.24673
214.33333,0.57662,,180.1,0.99125,,231.61667,0.24818
214.45,0.58484,,180.1,0.99721,,231.61667,0.2435
214.56667,0.58919,,180.1,0.98045,,231.61667,0.24898
214.65,0.59225,,180.11667,0.97594,,231.6,0.24447
214.71667,0.58774,,180.13333,0.96998,,231.6,0.24576
214.75,0.58371,,180.18333,0.92182,,231.6,0.24495
214.81667,0.58709,,180.33333,0.8619,,231.6,0.24785
214.91667,0.58274,,180.51667,0.73931,,231.6,0.2464
215,0.5858,,180.71667,0.61303,,231.6,0.24608
215.06667,0.58145,,180.9,0.48384,,231.6,0.2456
215.13333,0.57984,,181.08333,0.36544,,231.6,0.24689
215.21667,0.57855,,181.28333,0.26879,,231.6,0.24495
215.3,0.57823,,181.48333,0.18777,,231.6,0.24898
215.4,0.57888,,181.7,0.1868,,231.6,0.24608
215.48333,0.57839,,181.91667,0.16248,,231.6,0.24383
215.55,0.56889,,182.13333,0.32034,,231.6,0.24705
215.61667,0.57469,,182.33333,0.44373,,231.6,0.25043
215.66667,0.56599,,182.5,0.54537,,231.6,0.2464
215.71667,0.5589,,182.61667,0.6272,,231.6,0.24866
215.76667,0.5581,,182.73333,0.73996,,231.6,0.24769
215.81667,0.55616,,182.91667,0.86335,,231.6,0.24882
215.86667,0.55069,,183.1,0.77556,,231.6,0.24318
215.93333,0.54505,,183.25,0.78796,,231.6,0.24689
216.01667,0.5407,,183.38333,0.80342,,231.6,0.24705
216.06667,0.53828,,183.46667,0.82211,,231.6,0.25027
216.13333,0.53522,,183.53333,0.76493,,231.6,0.24673
216.21667,0.52669,,183.6,0.39959,,231.6,0.24818
216.28333,0.51428,,183.68333,0.08355,,231.6,0.2435
216.33333,0.51525,,183.76667,0.05327,,231.6,0.2485
216.38333,0.51863,,183.85,0.05117,,231.6,0.24479
216.41667,0.51912,,183.93333,0.06664,,231.6,0.24673
216.45,0.51718,,184,0.21338,,231.6,0.24656
216.48333,0.51251,,184.06667,0.41473,,231.6,0.24866
216.51667,0.50929,,184.13333,0.50929,,231.6,0.24689
216.6,0.50075,,184.21667,0.62736,,231.6,0.24818
216.7,0.48706,,184.3,0.6541,,231.6,0.24834
216.8,0.51332,,184.38333,0.65394,,231.6,0.24769
216.86667,0.52056,,184.45,0.63413,,231.6,0.24254
216.91667,0.53603,,184.5,0.61158,,231.6,0.24963
216.98333,0.53812,,184.55,0.58484,,231.6,0.24753
217.03333,0.54038,,184.56667,0.56696,,231.6,0.24576
217.06667,0.53748,,184.61667,0.54569,,231.6,0.24673
217.1,0.53732,,184.68333,0.52733,,231.6,0.24785
217.13333,0.53571,,184.76667,0.49689,,231.6,0.24479
217.18333,0.53281,,184.86667,0.45807,,231.6,0.24528
217.25,0.52942,,184.96667,0.44792,,231.6,0.24673
217.3,0.52636,,185.08333,0.46451,,231.6,0.25011
217.35,0.52008,,185.21667,0.4331,,231.6,0.24528
217.41667,0.51573,,185.4,0.42472,,231.6,0.24528
217.48333,0.50897,,185.53333,0.38171,,231.6,0.24963
217.55,0.47192,,185.65,0.3619,,231.6,0.24624
217.63333,0.47401,,185.73333,0.37624,,231.6,0.25011
217.7,0.46918,,185.81667,0.38493,,231.6,0.24673
217.76667,0.45613,,185.88333,0.43938,,231.6,0.2464
217.85,0.46048,,185.95,0.51976,,231.6,0.24286
217.95,0.46982,,185.98333,0.5109,,231.6,0.24028
218.05,0.48787,,186.03333,0.50736,,231.6,0.24367
218.15,0.50719,,186.06667,0.5341,,231.6,0.24125
218.21667,0.51783,,186.08333,0.52942,,231.6,0.2456
218.26667,0.51847,,186.16667,0.53168,,231.6,0.24399
218.31667,0.51622,,186.31667,0.54747,,231.6,0.234
218.35,0.51251,,186.6,0.55375,,231.6,0.23062
218.38333,0.51299,,186.91667,0.54763,,231.6,0.23545
218.41667,0.5146,,187.2,0.5022,,231.6,0.23319
218.51667,0.50784,,187.38333,0.41457,,231.6,0.23287
218.66667,0.51026,,187.51667,0.38558,,231.6,0.23529
218.78333,0.5109,,187.66667,0.3524,,231.6,0.23175
218.85,0.50752,,187.85,0.39991,,231.6,0.23287
218.93333,0.51122,,188.06667,0.42617,,231.6,0.23303
219,0.50945,,188.25,0.41296,,231.6,0.2369
219.08333,0.50768,,188.4,0.41779,,231.6,0.23303
219.16667,0.50333,,188.53333,0.40008,,231.6,0.23497
219.3,0.49914,,188.7,0.407,,231.6,0.23593
219.46667,0.48754,,188.9,0.38638,,231.6,0.23223
219.65,0.4745,,189.15,0.39492,,231.6,0.23674
219.83333,0.44035,,189.41667,0.38767,,231.6,0.23448
219.98333,0.44325,,189.68333,0.38042,,231.6,0.23513
220.1,0.43632,,189.9,0.37962,,231.6,0.22981
220.18333,0.41522,,190.1,0.37559,,231.6,0.23094
220.26667,0.39975,,190.28333,0.36464,,231.6,0.23513
220.35,0.37237,,190.43333,0.35433,,231.6,0.22933
220.48333,0.33226,,190.6,0.33645,,231.6,0.23529
220.65,0.28442,,190.76667,0.31148,,231.6,0.23432
220.86667,0.26042,,190.93333,0.28845,,231.6,0.23368
221.05,0.28345,,191.06667,0.26026,,231.6,0.23303
221.18333,0.40797,,191.13333,0.25043,,231.6,0.23046
221.26667,0.44985,,191.2,0.24528,,231.6,0.23094
221.35,0.45887,,191.28333,0.22595,,231.6,0.23319
221.43333,0.45452,,191.41667,0.21773,,231.6,0.23223
221.5,0.46193,,191.6,0.21934,,231.6,0.23287
221.58333,0.46258,,191.78333,0.25236,,231.6,0.23384
221.71667,0.46451,,191.96667,0.26831,,231.6,0.23094
221.88333,0.45629,,192.18333,0.28458,,231.6,0.22997
222.05,0.44083,,192.41667,0.30616,,231.6,0.23239
222.11667,0.44035,,192.65,0.30826,,231.6,0.23336
222.2,0.43181,,192.83333,0.32517,,231.6,0.23094
222.28333,0.44325,,192.98333,0.3197,,231.6,0.23319
222.33333,0.44582,,193.13333,0.31148,,231.6,0.23191
222.38333,0.4455,,193.28333,0.30472,,231.6,0.23142
222.46667,0.45339,,193.43333,0.30552,,231.6,0.23223
222.56667,0.45001,,193.6,0.31309,,231.6,0.23368
222.68333,0.44759,,193.71667,0.30455,,231.6,0.22965
222.8,0.42504,,193.78333,0.3023,,231.6,0.23432
222.93333,0.4091,,193.83333,0.29747,,231.6,0.23303
223.05,0.42134,,193.93333,0.29312,,231.6,0.234
223.18333,0.4033,,194.03333,0.28877,,231.6,0.23191
223.31667,0.39202,,194.2,0.27749,,231.6,0.23287
223.41667,0.35368,,194.36667,0.26525,,231.6,0.23158
223.51667,0.33403,,194.53333,0.25752,,231.6,0.234
223.56667,0.34756,,194.75,0.2638,,231.6,0.23223
223.63333,0.31374,,194.95,0.27218,,231.6,0.23561
223.7,0.30955,,195.11667,0.26896,,231.6,0.23239
223.81667,0.27636,,195.26667,0.26396,,231.6,0.23336
223.91667,0.24979,,195.4,0.26751,,231.6,0.23336
224.06667,0.22611,,195.5,0.26654,,231.6,0.23191
224.23333,0.25848,,195.61667,0.26396,,231.6,0.23142
224.41667,0.22079,,195.71667,0.26171,,231.6,0.23319
224.56667,0.18696,,195.83333,0.25977,,231.6,0.23513
224.66667,0.18149,,195.96667,0.26557,,231.6,0.23158
224.76667,0.17086,,196.1,0.26686,,231.6,0.2311
224.88333,0.2696,,196.28333,0.26461,,231.6,0.23287
225.06667,0.3052,,196.48333,0.26654,,231.6,0.22949
225.21667,0.35674,,196.65,0.26847,,231.6,0.23319
225.3,0.39073,,196.75,0.26976,,231.6,0.23255
225.36667,0.39718,,196.78333,0.26187,,231.6,0.23046
225.43333,0.4004,,196.76667,0.2543,,231.6,0.23013
225.53333,0.40056,,196.76667,0.23642,,231.6,0.234
225.61667,0.39782,,196.75,0.23464,,231.6,0.23046
225.7,0.39766,,196.75,0.23561,,231.6,0.23303
225.83333,0.3917,,196.75,0.23561,,231.6,0.23416
226,0.37752,,196.75,0.23287,,231.6,0.23126
226.18333,0.33725,,196.75,0.23078,,231.6,0.23142
226.31667,0.31599,,196.76667,0.23255,,231.6,0.23577
226.45,0.33774,,196.76667,0.23706,,231.6,0.23062
226.56667,0.35336,,196.76667,0.2514,,231.6,0.23384
226.63333,0.36109,,196.75,0.25623,,231.6,0.23336
226.66667,0.36931,,196.75,0.26283,,231.6,0.23368
226.7,0.37865,,196.75,0.26219,,231.6,0.23078
226.75,0.37817,,196.76667,0.263,,231.6,0.23158
226.88333,0.38139,,196.76667,0.26589,,231.6,0.22933
227.03333,0.38187,,196.76667,0.26622,,231.6,0.23287
227.18333,0.38107,,196.76667,0.26477,,231.6,0.23191
227.26667,0.37624,,196.76667,0.26461,,231.6,0.23126
227.33333,0.37591,,196.78333,0.26477,,231.6,0.23271
227.43333,0.37398,,196.81667,0.26203,,231.6,0.2274
227.53333,0.36544,,196.88333,0.25977,,231.6,0.234
227.63333,0.35062,,196.98333,0.25623,,231.6,0.23191
227.71667,0.34966,,197.16667,0.25091,,231.6,0.23287
227.78333,0.37173,,197.36667,0.24157,,231.6,0.22949
227.85,0.36689,,197.51667,0.24044,,231.6,0.23448
227.95,0.36399,,197.7,0.23464,,231.6,0.23142
228.03333,0.36351,,197.93333,0.24689,,231.6,0.23432
228.11667,0.36432,,198.16667,0.25091,,231.6,0.23207
228.23333,0.36415,,198.33333,0.2543,,231.6,0.23368
228.36667,0.35932,,198.5,0.25349,,231.6,0.23046
228.5,0.33999,,198.7,0.2543,,231.6,0.23336
228.65,0.29876,,198.93333,0.25526,,231.6,0.23287
228.8,0.29263,,199.2,0.25559,,231.6,0.23223
228.91667,0.30987,,199.51667,0.25929,,231.6,0.22997
228.98333,0.32775,,199.88333,0.26155,,231.6,0.23287
229.01667,0.33387,,200.25,0.25929,,231.6,0.2311
229.03333,0.33484,,200.65,0.25736,,231.6,0.23303
229.06667,0.34209,,201,0.25236,,231.6,0.23271
229.08333,0.35046,,201.26667,0.24173,,231.6,0.23239
229.11667,0.35127,,201.4,0.23915,,231.6,0.23013
229.15,0.35352,,201.55,0.2369,,231.6,0.23207
229.23333,0.34579,,201.73333,0.23303,,231.6,0.23432
229.31667,0.34015,,201.96667,0.23416,,231.6,0.23046
229.41667,0.34225,,202.2,0.23368,,231.6,0.23352
229.51667,0.33548,,202.5,0.23384,,231.6,0.23271
229.6,0.33725,,202.8,0.23771,,231.6,0.23078
229.7,0.33693,,203.06667,0.23513,,231.6,0.234
229.76667,0.33435,,203.31667,0.23529,,231.6,0.23078
229.81667,0.33403,,203.58333,0.2369,,231.6,0.23223
229.88333,0.33468,,203.9,0.24141,,231.6,0.23142
229.96667,0.32888,,204.15,0.24447,,231.6,0.23368
230.11667,0.31873,,204.33333,0.24753,,231.6,0.23255
230.3,0.30826,,204.43333,0.24544,,231.6,0.23191
230.51667,0.30794,,204.48333,0.24769,,231.6,0.23191
230.71667,0.29731,,204.5,0.2456,,231.6,0.23094
230.9,0.27298,,204.53333,0.24109,,231.6,0.23158
231.01667,0.25236,,204.56667,0.23609,,231.6,0.23352
231.13333,0.22675,,204.61667,0.23706,,231.6,0.23464
231.21667,0.24189,,204.61667,0.23932,,231.6,0.23078
231.31667,0.24205,,204.63333,0.23819,,231.61667,0.23303
231.43333,0.2303,,204.63333,0.23867,,231.61667,0.23336
231.56667,0.19824,,204.63333,0.24044,,231.61667,0.23207
231.68333,0.16296,,204.63333,0.24205,,231.61667,0.23223
231.81667,0.15153,,204.63333,0.24125,,231.61667,0.23577
231.95,0.17327,,204.6,0.24238,,231.61667,0.23191
232.11667,0.22272,,204.61667,0.2406,,231.61667,0.23497
232.25,0.26316,,204.63333,0.24205,,231.61667,0.23416
232.36667,0.26477,,204.66667,0.24222,,231.6,0.23577
232.48333,0.25075,,204.75,0.24222,,231.6,0.23255
232.61667,0.23094,,204.8,0.24544,,231.6,0.23561
232.7,0.21918,,204.78333,0.24528,,231.6,0.23319
232.8,0.20549,,204.75,0.24238,,231.6,0.23416
232.93333,0.19341,,204.75,0.24028,,231.6,0.23336
233.06667,0.18777,,204.71667,0.24318,,231.6,0.23062
233.2,0.19502,,204.7,0.24592,,231.6,0.23255
233.35,0.20275,,204.68333,0.2435,,231.6,0.22868
233.5,0.21676,,204.7,0.24769,,231.6,0.23352
233.66667,0.23561,,204.7,0.2427,,231.6,0.23319
233.83333,0.26928,,204.7,0.24286,,231.6,0.23529
233.98333,0.27363,,204.7,0.24431,,231.6,0.23336
234.1,0.28136,,204.68333,0.24528,,231.6,0.23593
234.23333,0.28313,,204.68333,0.24447,,231.6,0.23175
234.31667,0.28442,,204.68333,0.2464,,231.6,0.23384
234.35,0.28297,,204.68333,0.2398,,231.6,0.23336
234.41667,0.28329,,204.68333,0.2435,,231.6,0.22917
234.51667,0.28055,,204.7,0.24238,,231.6,0.23319
234.65,0.27846,,204.7,0.24495,,231.6,0.23464
234.78333,0.27121,,204.71667,0.24367,,231.6,0.23319
234.95,0.25349,,204.71667,0.24125,,231.6,0.23223
235.18333,0.24222,,204.73333,0.24415,,231.6,0.23336
235.45,0.25687,,204.76667,0.24463,,231.6,0.23191
235.7,0.26622,,204.81667,0.24737,,231.6,0.23319
235.88333,0.26783,,204.86667,0.2456,,231.6,0.23529
236.01667,0.26734,,204.98333,0.2464,,231.6,0.23626
236.11667,0.26428,,205.11667,0.24882,,231.6,0.23497
236.16667,0.26783,,205.23333,0.24946,,231.6,0.23207
236.23333,0.263,,205.4,0.2493,,231.6,0.2303
236.33333,0.2609,,205.61667,0.2485,,231.6,0.23545
236.45,0.2601,,205.9,0.24769,,231.6,0.23303
236.61667,0.2551,,206.15,0.25059,,231.6,0.23207
236.78333,0.25349,,206.41667,0.25091,,231.6,0.23046
236.98333,0.25655,,206.71667,0.25124,,231.6,0.22756
237.2,0.2274,,206.96667,0.25301,,231.6,0.22434
237.41667,0.15523,,207.16667,0.25365,,231.6,0.22691
237.56667,0.09434,,207.35,0.25236,,231.6,0.22482
237.63333,0.03603,,207.53333,0.2485,,231.6,0.22659
237.65,0.03684,,207.73333,0.25156,,231.6,0.22047
237.66667,0.04199,,207.96667,0.24769,,231.61667,0.21805
237.66667,0.07856,,208.25,0.25011,,231.61667,0.2195
237.68333,0.0879,,208.48333,0.2514,,231.61667,0.21451
237.7,0.09466,,208.66667,0.25172,,231.61667,0.2187
237.73333,0.11174,,208.8,0.2493,,231.6,0.22095
237.76667,0.11657,,208.96667,0.25059,,231.6,0.21918
237.76667,0.12833,,209.15,0.25285,,231.6,0.21886
237.76667,0.12978,,209.36667,0.25333,,231.6,0.22063
237.78333,0.15716,,209.6,0.25156,,231.61667,0.21983
237.78333,0.21515,,209.83333,0.24705,,231.61667,0.2137
237.78333,0.22176,,210.05,0.24753,,231.61667,0.2187
237.78333,0.22434,,210.28333,0.24882,,231.61667,0.22401
237.78333,0.22933,,210.51667,0.24914,,231.61667,0.22321
237.78333,0.22868,,210.78333,0.24238,,231.63333,0.22434
237.78333,0.23158,,210.96667,0.2406,,231.7,0.22095
237.78333,0.23497,,211.08333,0.23706,,231.88333,0.21515
237.78333,0.23464,,211.2,0.23996,,232.1,0.20307
237.78333,0.23271,,211.35,0.24028,,232.3,0.19292
237.78333,0.23545,,211.51667,0.24077,,232.51667,0.17005
237.78333,0.23384,,211.65,0.24318,,232.78333,0.15378
237.78333,0.22804,,211.75,0.24544,,233.03333,0.1483
237.78333,0.0618,,211.86667,0.24479,,233.2,0.12366
237.78333,0.06937,,212.05,0.24528,,233.33333,0.0974
237.78333,0.12028,,212.28333,0.24109,,233.5,0.06197
237.76667,0.162,,212.55,0.24334,,233.73333,0.0159
237.76667,0.1678,,212.75,0.24318,,233.96667,0.00043
237.78333,0.14379,,212.93333,0.24205,,234.2,0.04956
237.78333,0.17053,,213.11667,0.24173,,234.43333,0.14299
237.78333,0.26444,,213.28333,0.23674,,234.61667,0.15185
237.78333,0.23497,,213.46667,0.23771,,234.81667,0.18648
237.78333,0.13139,,213.78333,0.23803,,234.96667,0.18809
237.78333,0.11222,,214.01667,0.23481,,235.1,0.1802
237.78333,0.11335,,214.1,0.23658,,235.25,0.17521
237.78333,0.12221,,214.15,0.23529,,235.41667,0.17472
237.78333,0.14492,,214.21667,0.23819,,235.55,0.17263
237.78333,0.15314,,214.3,0.23867,,235.7,0.18487
237.78333,0.15555,,214.38333,0.23754,,235.88333,0.18664
237.78333,0.1599,,214.48333,0.23481,,236.08333,0.1947
237.78333,0.16957,,214.58333,0.23319,,236.28333,0.19486
237.78333,0.18084,,214.73333,0.23013,,236.5,0.17859
237.8,0.19808,,214.9,0.22788,,236.66667,0.17827
237.85,0.21161,,215.03333,0.22852,,236.85,0.16973
237.98333,0.21612,,215.13333,0.23094,,237.03333,0.15894
238.25,0.23481,,215.28333,0.23255,,237.25,0.15282
238.6,0.23915,,215.5,0.22933,,237.61667,0.16506
238.96667,0.23835,,215.75,0.23271,,238.16667,0.18278
239.25,0.23626,,215.95,0.23271,,238.61667,0.05504
239.4,0.23448,,216.13333,0.23175,,238.78333,0.02153
239.45,0.23175,,216.28333,0.23158,,238.8,0.02959
239.53333,0.2013,,216.46667,0.22852,,238.81667,0.03088
239.7,0.02604,,216.63333,0.22353,,238.81667,0.04827
239.91667,-0.0036,,216.71667,0.22337,,238.81667,0.06229
240.2,-0.00327,,216.78333,0.2245,,238.81667,0.07727
240.51667,-0.00198,,216.83333,0.22256,,238.85,0.1032
240.88333,-0.00037,,216.93333,0.21644,,238.86667,0.13397
241.23333,0.02347,,217.06667,0.21499,,238.86667,0.13381
241.53333,0.09434,,217.2,0.21048,,238.86667,0.15588
241.78333,0.12012,,217.31667,0.21451,,238.88333,0.1707
242.03333,0.12994,,217.35,0.21676,,238.93333,0.17311
242.23333,0.11834,,217.35,0.2253,,238.98333,0.17923
242.45,0.11867,,217.35,0.22337,,239.03333,0.17778
242.65,0.0916,,217.35,0.22611,,239.08333,0.17698
242.85,0.05987,,217.33333,0.22466,,239.13333,0.17424
243.06667,0.05069,,217.33333,0.22434,,239.23333,0.1773
243.28333,0.13848,,217.33333,0.22659,,239.41667,0.17714
243.46667,0.19566,,217.33333,0.22691,,239.61667,0.17504
243.61667,0.2013,,217.33333,0.22707,,239.8,0.15861
243.73333,0.19953,,217.33333,0.2274,,239.98333,0.15652
243.8,0.20098,,217.33333,0.22772,,240.23333,0.1446
243.85,0.19679,,217.33333,0.21838,,240.46667,0.12302
243.93333,0.19776,,217.33333,0.22401,,240.6,0.11319
244.08333,0.19937,,217.33333,0.22176,,240.7,0.10401
244.25,0.1976,,217.33333,0.22482,,240.78333,0.0945
244.41667,0.19437,,217.35,0.22434,,240.86667,0.08323
244.61667,0.19276,,217.35,0.22514,,240.95,0.07823
244.83333,0.19003,,217.35,0.22756,,241.06667,0.06325
245.05,0.17649,,217.35,0.22611,,241.2,0.07501
245.25,0.16425,,217.36667,0.22595,,241.31667,0.1082
245.43333,0.17649,,217.4,0.22305,,241.45,0.09241
245.6,0.18068,,217.48333,0.22305,,241.58333,0.09853
245.76667,0.18471,,217.63333,0.22272,,241.81667,0.138
245.95,0.18326,,217.78333,0.22063,,242.01667,0.14975
246.11667,0.18358,,217.95,0.22031,,242.15,0.1446
246.23333,0.17778,,218.05,0.21805,,242.23333,0.14009
246.33333,0.17794,,218.16667,0.21644,,242.33333,0.13413
246.4,0.17875,,218.26667,0.2187,,242.43333,0.12978
246.46667,0.17778,,218.35,0.21693,,242.55,0.11609
246.5,0.17794,,218.41667,0.21596,,242.63333,0.11126
246.56667,0.17939,,218.48333,0.21451,,242.71667,0.09869
246.63333,0.17972,,218.56667,0.21403,,242.76667,0.0908
246.71667,0.1744,,218.66667,0.21354,,242.83333,0.08999
246.8,0.17585,,218.8,0.20855,,242.95,0.07823
246.9,0.17504,,218.98333,0.21177,,243.06667,0.08838
247.03333,0.16941,,219.1,0.21145,,243.18333,0.10691
247.2,0.16828,,219.18333,0.21161,,243.33333,0.13349
247.36667,0.16828,,219.28333,0.2137,,243.46667,0.1417
247.51667,0.17134,,219.38333,0.20517,,243.56667,0.14106
247.63333,0.17247,,219.5,0.20726,,243.68333,0.13928
247.8,0.17134,,219.58333,0.20742,,243.8,0.14267
247.96667,0.17537,,219.68333,0.20323,,243.91667,0.14911
248.11667,0.16699,,219.8,0.20646,,244.05,0.14975
248.16667,0.16683,,219.91667,0.20082,,244.2,0.14702
248.18333,0.16941,,220.11667,0.19969,,244.33333,0.14621
248.18333,0.16715,,220.35,0.19534,,244.45,0.14766
248.18333,0.1707,,220.66667,0.19373,,244.58333,0.14251
248.16667,0.16796,,221.08333,0.19035,,244.73333,0.14202
248.16667,0.16908,,221.5,0.1802,,244.88333,0.14637
248.16667,0.17037,,221.85,0.16103,,245,0.14605
248.16667,0.16989,,222.13333,0.10981,,245.11667,0.14363
248.16667,0.16828,,222.36667,0.1003,,245.23333,0.14428
248.16667,0.1686,,222.55,0.09015,,245.4,0.13928
248.16667,0.17021,,222.68333,0.07985,,245.56667,0.14073
248.16667,0.1678,,222.78333,0.08323,,245.68333,0.13993
248.16667,0.17005,,222.88333,0.09064,,245.76667,0.13864
248.16667,0.16506,,222.96667,0.10272,,245.83333,0.13848
248.16667,0.16828,,223.06667,0.11528,,245.96667,0.13655
248.16667,0.17053,,223.23333,0.12463,,246.11667,0.13655
248.16667,0.16876,,223.46667,0.13477,,246.28333,0.13767
248.15,0.17247,,223.73333,0.13526,,246.46667,0.13268
248.15,0.16989,,224.01667,0.12285,,246.66667,0.12205
248.16667,0.16699,,224.26667,0.12801,,246.88333,0.12511
248.16667,0.16796,,224.48333,0.12785,,247.15,0.12269
248.16667,0.16844,,224.61667,0.1351,,247.43333,0.13365
248.16667,0.16618,,224.71667,0.14106,,247.66667,0.12865
248.16667,0.16796,,224.85,0.14573,,247.85,0.12495
248.15,0.16876,,225,0.14814,,248.01667,0.12704
248.15,0.17005,,225.18333,0.15265,,248.1,0.12575
248.15,0.17053,,225.38333,0.14798,,248.15,0.12817
248.15,0.1686,,225.58333,0.14686,,248.18333,0.1272
248.16667,0.16715,,225.78333,0.14428,,248.25,0.12769
248.16667,0.1599,,225.93333,0.14331,,248.35,0.12624
248.16667,0.16522,,226.05,0.1388,,248.45,0.1264
248.16667,0.1649,,226.16667,0.14814,,248.55,0.12398
248.16667,0.16457,,226.28333,0.15829,,248.61667,0.12366
248.16667,0.16618,,226.4,0.14379,,248.65,0.1243
248.16667,0.16538,,226.5,0.14057,,248.7,0.12092
248.16667,0.16635,,226.6,0.14267,,248.75,0.11641
248.16667,0.16618,,226.7,0.14363,,248.81667,0.11754
248.16667,0.16538,,226.83333,0.13606,,248.9,0.11254
248.16667,0.15926,,226.93333,0.14267,,249,0.11496
248.16667,0.16296,,227.03333,0.14283,,249.06667,0.10965
248.16667,0.16586,,227.13333,0.13638,,249.11667,0.10981
248.16667,0.16812,,227.23333,0.1351,,249.16667,0.10852
248.16667,0.16409,,227.36667,0.13977,,249.21667,0.1032
248.16667,0.16167,,227.5,0.13252,,249.3,0.0995
248.16667,0.16312,,227.6,0.13365,,249.41667,0.0945
248.16667,0.16731,,227.68333,0.1351,,249.55,0.10594
248.18333,0.16554,,227.78333,0.14186,,249.66667,0.11061
248.18333,0.16538,,227.9,0.13783,,249.73333,0.10997
248.21667,0.16409,,227.96667,0.138,,249.78333,0.11271
248.26667,0.16425,,228.06667,0.13332,,249.81667,0.11045
248.36667,0.16522,,228.13333,0.13236,,249.83333,0.1053
248.46667,0.16103,,228.2,0.12398,,249.86667,0.10916
248.56667,0.14315,,228.26667,0.12624,,249.91667,0.10675
248.71667,0.10207,,228.3,0.13107,,249.96667,0.10304
248.93333,0.07791,,228.36667,0.1359,,250.05,0.0995
249.15,0.08548,,228.4,0.14186,,250.08333,0.09225
249.41667,0.09386,,228.43333,0.14041,,250.08333,0.09499
249.71667,0.11013,,228.46667,0.14396,,250.08333,0.08774
250.03333,0.14508,,228.51667,0.16312,,250.08333,0.09515
250.3,0.14669,,228.55,0.17504,,250.08333,0.09241
250.56667,0.14396,,228.56667,0.15765,,250.08333,0.09015
250.85,0.14379,,228.58333,0.14959,,250.1,0.0908
251.11667,0.1301,,228.58333,0.14863,,250.1,0.09289
251.43333,0.09885,,228.56667,0.14251,,250.1,0.08758
251.78333,0.0494,,228.56667,0.11432,,250.1,0.09579
252.13333,0.00124,,228.56667,0.10175,,250.11667,0.09579
252.46667,-0.00118,,228.56667,0.10497,,250.13333,0.09466
252.8,0.00011,,228.56667,0.10191,,250.18333,0.09418
253.11667,-0.00424,,228.56667,0.10127,,250.25,0.09193
253.38333,-0.00053,,228.56667,0.10433,,250.38333,0.0916
253.65,0.01863,,228.56667,0.10369,,250.55,0.0995
253.86667,0.05939,,228.56667,0.0995,,250.76667,0.09998
254.1,0.09402,,228.56667,0.09434,,251.03333,0.11158
254.26667,0.09934,,228.58333,0.09483,,251.35,0.11464
254.4,0.09499,,228.58333,0.08742,,251.65,0.10948
254.55,0.11577,,228.6,0.06905,,251.91667,0.10352
254.7,0.12124,,228.63333,0.05681,,252.08333,0.10272
254.85,0.12656,,228.73333,0.05198,,252.2,0.10465
254.98333,0.13284,,228.83333,0.02959,,252.31667,0.109
255.11667,0.13236,,228.95,0.01573,,252.41667,0.10723
255.23333,0.133,,229.03333,0.01428,,252.53333,0.10288
255.35,0.13268,,229.11667,0.01171,,252.66667,0.09917
255.43333,0.13316,,229.2,0.01396,,252.83333,0.0908
255.55,0.12446,,229.31667,0.01831,,253,0.0916
255.68333,0.11722,,229.41667,0.09853,,253.13333,0.08999
255.86667,0.12237,,229.5,0.14379,,253.3,0.09466
256.06667,0.13042,,229.58333,0.14879,,253.45,0.09628
256.2,0.1293,,229.66667,0.15249,,253.61667,0.09563
256.3,0.12978,,229.76667,0.15104,,253.78333,0.10175
256.4,0.12656,,229.9,0.14847,,253.95,0.10095
256.48333,0.13139,,230.08333,0.14653,,254.08333,0.09289
256.61667,0.12543,,230.25,0.1359,,254.21667,0.09644
256.75,0.12012,,230.4,0.13236,,254.36667,0.0937
256.88333,0.11528,,230.53333,0.13574,,254.53333,0.09144
257,0.11319,,230.61667,0.14122,,254.71667,0.08452
257.1,0.10932,,230.7,0.14621,,254.91667,0.08162
257.18333,0.10546,,230.71667,0.14573,,255.08333,0.08419
257.28333,0.10385,,230.75,0.15024,,255.26667,0.0916
257.4,0.11077,,230.76667,0.15652,,255.4,0.09305
257.51667,0.11754,,230.76667,0.162,,255.51667,0.09338
257.66667,0.11931,,230.76667,0.15845,,255.65,0.0945
257.86667,0.12285,,230.75,0.15636,,255.78333,0.10014
258.01667,0.11818,,230.75,0.16296,,255.95,0.09064
258.11667,0.12366,,230.75,0.15781,,256.08333,0.09499
258.2,0.12028,,230.75,0.16184,,256.21667,0.09273
258.3,0.1185,,230.75,0.16216,,256.38333,0.09112
258.4,0.12012,,230.75,0.16248,,256.51667,0.09579
258.53333,0.11722,,230.75,0.1591,,256.61667,0.09644
258.73333,0.10965,,230.75,0.16071,,256.71667,0.09563
258.95,0.10465,,230.75,0.15604,,256.81667,0.09611
259.11667,0.09466,,230.73333,0.162,,256.93333,0.09483
259.26667,0.09209,,230.73333,0.16812,,257.03333,0.09193
259.38333,0.08258,,230.73333,0.181,,257.11667,0.09386
259.51667,0.09628,,230.73333,0.16264,,257.18333,0.09273
259.65,0.10868,,230.73333,0.16184,,257.21667,0.09628
259.81667,0.11109,,230.73333,0.16216,,257.23333,0.09611
259.95,0.11416,,230.73333,0.16296,,257.23333,0.09289
260.08333,0.11287,,230.73333,0.1707,,257.23333,0.09289
260.18333,0.11496,,230.73333,0.16474,,257.23333,0.10046
260.26667,0.11609,,230.73333,0.18181,,257.23333,0.09112
260.36667,0.11416,,230.73333,0.18004,,257.23333,0.09193
260.53333,0.10803,,230.73333,0.16618,,257.23333,0.09096
260.73333,0.10707,,230.73333,0.15797,,257.25,0.08854
260.93333,0.109,,230.73333,0.15861,,257.25,0.08903
261.1,0.10513,,230.73333,0.15894,,257.25,0.08532
261.25,0.10852,,230.73333,0.15878,,257.26667,0.08129
261.36667,0.10224,,230.73333,0.15636,,257.26667,0.08677
261.48333,0.10852,,230.73333,0.15571,,257.28333,0.08291
261.6,0.10916,,230.73333,0.15716,,257.31667,0.085
261.7,0.10852,,230.73333,0.16812,,257.35,0.08146
261.81667,0.1119,,230.73333,0.16055,,257.36667,0.08162
261.96667,0.10723,,230.73333,0.15813,,257.38333,0.08307
262.13333,0.10449,,230.73333,0.15765,,257.38333,0.08178
262.36667,0.10546,,230.73333,0.15394,,257.4,0.08323
262.56667,0.10401,,230.73333,0.1599,,257.4,0.07904
262.75,0.10207,,230.73333,0.16151,,257.4,0.08258
262.96667,0.09241,,230.73333,0.15298,,257.4,0.08194
263.2,0.10062,,230.73333,0.15426,,257.4,0.08548
263.33333,0.10546,,230.73333,0.15426,,257.4,0.08081
263.4,0.10127,,230.73333,0.15555,,257.4,0.08242
263.43333,0.10207,,230.73333,0.15507,,257.4,0.08081
263.46667,0.10175,,230.75,0.15394,,257.41667,0.08291
263.53333,0.09885,,230.75,0.15088,,257.43333,0.07743
263.61667,0.09692,,230.75,0.15894,,257.45,0.08001
263.68333,0.08323,,230.75,0.15298,,257.48333,0.07791
263.81667,0.07002,,230.76667,0.15426,,257.5,0.08081
263.95,0.0552,,230.83333,0.15491,,257.51667,0.07856
264.06667,0.04312,,230.98333,0.15523,,257.51667,0.07533
264.13333,0.03378,,231.23333,0.14814,,257.51667,0.07678
264.21667,0.03555,,231.5,0.14476,,257.53333,0.07872
264.3,0.03539,,231.78333,0.13075,,257.53333,0.07727
264.41667,0.0697,,232.08333,0.14218,,257.53333,0.0784
264.53333,0.0784,,232.33333,0.12253,,257.53333,0.07646
264.65,0.08017,,232.53333,0.08355,,257.53333,0.07872
264.8,0.08613,,232.68333,0.07405,,257.55,0.07904
264.91667,0.08999,,232.81667,0.06309,,257.58333,0.07244
265.01667,0.08597,,232.98333,0.0647,,257.63333,0.06615
265.13333,0.08516,,233.13333,0.07405,,257.68333,0.06052
265.28333,0.08468,,233.31667,0.10385,,257.73333,0.05327
265.43333,0.09225,,233.45,0.12157,,257.75,0.03345
265.56667,0.09756,,233.55,0.11577,,257.76667,0.00591
265.71667,0.09837,,233.65,0.12575,,257.78333,0.01026
265.86667,0.08822,,233.76667,0.13767,,257.8,0.00768
266.01667,0.08806,,233.86667,0.1483,,257.83333,0.008
266.23333,0.09128,,233.95,0.15426,,257.83333,0.01831
266.46667,0.09628,,234.06667,0.17424,,257.86667,0.04022
266.63333,0.0937,,234.28333,0.17649,,257.86667,0.03829
266.76667,0.09096,,234.5,0.17923,,257.88333,0.03313
266.86667,0.08742,,234.7,0.18423,,257.91667,0.06358
266.96667,0.08677,,234.9,0.18149,,257.95,0.06889
267.08333,0.085,,235.05,0.18616,,258,0.05939
267.2,0.07968,,235.18333,0.18632,,258.11667,0.07002
267.31667,0.06857,,235.33333,0.18471,,258.31667,0.07131
267.43333,0.05842,,235.41667,0.17666,,258.53333,0.08274
267.56667,0.04924,,235.45,0.17585,,258.71667,0.08645
267.71667,0.0407,,235.5,0.17279,,258.86667,0.08887
267.86667,0.05568,,235.55,0.17649,,258.98333,0.085
268.01667,0.05311,,235.6,0.17053,,259.05,0.08677
268.15,0.07501,,235.65,0.16457,,259.13333,0.08597
268.3,0.08242,,235.71667,0.16474,,259.25,0.08436
268.41667,0.08403,,235.83333,0.17247,,259.38333,0.08564
268.55,0.08581,,235.98333,0.18551,,259.5,0.0821
268.65,0.08645,,236.13333,0.19067,,259.61667,0.07856
268.71667,0.08484,,236.28333,0.1918,,259.75,0.07904
268.78333,0.08419,,236.41667,0.19099,,259.85,0.07695
268.83333,0.07324,,236.55,0.19437,,259.95,0.07727
268.91667,0.05391,,236.66667,0.19115,,260.06667,0.07211
269,0.02089,,236.83333,0.18648,,260.16667,0.06857
269.11667,0.01412,,236.98333,0.17859,,260.28333,0.05955
269.21667,0.00156,,237.08333,0.1831,,260.41667,0.05601
269.35,0.01992,,237.13333,0.18423,,260.55,0.04715
269.48333,0.03555,,237.21667,0.19454,,260.73333,0.04344
269.61667,0.04425,,237.3,0.21161,,260.88333,0.03845
269.7,0.03845,,237.4,0.1947,,261.05,0.04247
269.8,0.0014,,237.46667,0.19615,,261.21667,0.03555
269.88333,0.00075,,237.46667,0.1976,,261.4,0.0407
269.93333,-0.0015,,237.45,0.19405,,261.56667,0.0552
269.98333,-0.00182,,237.45,0.19711,,261.75,0.05826
270.01667,-0.00134,,237.45,0.19695,,261.93333,0.07244
270.06667,-0.00021,,237.45,0.19888,,262.1,0.07276
270.11667,-0.00005,,237.45,0.19518,,262.25,0.07437
270.18333,0.00108,,237.45,0.19454,,262.4,0.07662
270.25,0.00092,,237.45,0.19341,,262.5,0.07711
270.31667,0.00253,,237.45,0.19921,,262.61667,0.07501
270.4,0.04199,,237.45,0.2005,,262.73333,0.07695
270.46667,0.05439,,237.46667,0.20033,,262.86667,0.07582
270.55,0.05617,,237.5,0.20001,,263.01667,0.07372
270.63333,0.05311,,237.56667,0.20066,,263.18333,0.07743
270.7,0.05697,,237.71667,0.1984,,263.35,0.0697
270.75,0.05601,,237.95,0.20001,,263.5,0.0552
270.81667,0.05745,,238.2,0.20227,,263.61667,0.05246
270.9,0.06374,,238.4,0.20259,,263.71667,0.06084
270.98333,0.07082,,238.58333,0.20356,,263.81667,0.06116
271.03333,0.07324,,238.81667,0.20388,,263.91667,0.06664
271.1,0.07582,,239.06667,0.20887,,264.01667,0.0705
271.16667,0.06986,,239.31667,0.20694,,264.1,0.06921
271.25,0.07389,,239.56667,0.19437,,264.16667,0.0734
271.31667,0.0726,,239.85,0.17037,,264.23333,0.06889
271.38333,0.07469,,240.15,0.14057,,264.28333,0.07276
271.43333,0.07179,,240.45,0.09128,,264.36667,0.07131
271.48333,0.06809,,240.71667,0.10272,,264.45,0.07389
271.51667,0.0676,,240.91667,0.1388,,264.53333,0.06905
271.53333,0.06664,,241.1,0.10594,,264.6,0.07324
271.53333,0.07002,,241.28333,0.08065,,264.68333,0.06551
271.55,0.0705,,241.45,0.0581,,264.76667,0.06889
271.58333,0.06744,,241.61667,0.03297,,264.86667,0.06744
271.61667,0.0668,,241.78333,0.0312,,265,0.06567
271.65,0.06567,,241.93333,0.04199,,265.13333,0.06293
271.68333,0.06696,,242.1,0.04328,,265.25,0.06277
271.71667,0.06696,,242.23333,0.08452,,265.33333,0.0647
271.75,0.06213,,242.35,0.13961,,265.41667,0.06197
271.86667,0.05617,,242.46667,0.16538,,265.46667,0.06003
272.08333,0.05552,,242.56667,0.19164,,265.51667,0.05971
272.2,0.05294,,242.75,0.20839,,265.6,0.06052
272.25,0.05085,,243.01667,0.22675,,265.68333,0.05633
272.3,0.05262,,243.26667,0.23384,,265.76667,0.05166
272.4,0.04698,,243.45,0.23529,,265.85,0.05584
272.53333,0.05311,,243.6,0.23642,,265.93333,0.05021
272.68333,0.04247,,243.7,0.23754,,266.01667,0.05182
272.81667,0.03523,,243.8,0.23771,,266.11667,0.04698
272.98333,0.02314,,243.93333,0.24189,,266.21667,0.06084
273.18333,0.02508,,244.1,0.23819,,266.33333,0.05987
273.4,0.0457,,244.28333,0.23593,,266.45,0.06003
273.55,0.05439,,244.46667,0.23851,,266.53333,0.06454
273.73333,0.061,,244.66667,0.22691,,266.61667,0.06052
273.93333,0.06873,,244.85,0.22224,,266.68333,0.06599
274.11667,0.06905,,245.06667,0.22772,,266.75,0.06068
274.28333,0.06937,,245.25,0.22417,,266.83333,0.06261
274.45,0.0726,,245.38333,0.22272,,266.91667,0.05971
274.58333,0.07002,,245.53333,0.23336,,267,0.05955
274.75,0.07099,,245.66667,0.24141,,267.06667,0.05762
274.93333,0.06728,,245.78333,0.25446,,267.15,0.05294
275.11667,0.0639,,245.86667,0.25446,,267.21667,0.0523
275.21667,0.06213,,245.93333,0.25269,,267.31667,0.05149
275.26667,0.0668,,246.03333,0.25091,,267.41667,0.04747
275.38333,0.06712,,246.06667,0.25172,,267.51667,0.05488
275.51667,0.06503,,246.08333,0.25269,,267.6,0.04876
275.63333,0.03329,,246.06667,0.25542,,267.7,0.04763
275.7,-0.00166,,246.06667,0.25414,,267.8,0.04392
275.78333,-0.00198,,246.06667,0.2543,,267.93333,0.04876
275.9,-0.00021,,246.06667,0.2543,,268.06667,0.04827
276.03333,-0.00376,,246.06667,0.25252,,268.18333,0.03635
276.11667,-0.00102,,246.06667,0.2543,,268.3,0.02701
276.2,-0.00263,,246.06667,0.25462,,268.41667,0.02604
276.3,-0.00263,,246.06667,0.25414,,268.55,0.02105
276.45,-0.0007,,246.08333,0.25108,,268.7,0.01896
276.6,0.02782,,246.11667,0.24866,,268.85,0.02234
276.81667,0.0254,,246.25,0.2551,,269,0.03974
277,0.03619,,246.36667,0.24995,,269.15,0.05005
277.1,0.03941,,246.53333,0.25027,,269.28333,0.0581
277.15,0.03796,,246.81667,0.25027,,269.4,0.06084
277.23333,0.04908,,247.2,0.25945,,269.48333,0.05939
277.33333,0.05423,,247.6,0.27508,,269.6,0.05665
277.45,0.06003,,247.96667,0.26461,,269.7,0.05729
277.5,0.06197,,248.35,0.26509,,269.81667,0.05907
277.53333,0.06148,,248.66667,0.26058,,269.95,0.0589
277.58333,0.06003,,248.88333,0.27153,,270.06667,0.05713
277.63333,0.06519,,249.08333,0.26187,,270.18333,0.05697
277.68333,0.06261,,249.33333,0.25333,,270.3,0.05987
277.76667,0.06213,,249.61667,0.24431,,270.41667,0.04747
277.85,0.06229,,249.88333,0.23352,,270.56667,0.0312
277.93333,0.06213,,250.06667,0.24818,,270.68333,0.02459
278.03333,0.06406,,250.21667,0.26396,,270.8,0.0101
278.15,0.05858,,250.36667,0.27604,,270.91667,0.0101
278.28333,0.05085,,250.51667,0.27926,,270.98333,0.00688
278.48333,0.04425,,250.7,0.27588,,271.03333,0.01348
278.65,0.05182,,250.93333,0.27926,,271.06667,0.02073
278.73333,0.05939,,251.1,0.2849,,271.1,0.02814
278.8,0.05874,,251.2,0.28152,,271.11667,0.03136
278.85,0.0647,,251.26667,0.28184,,271.13333,0.03974
278.93333,0.06261,,251.26667,0.28474,,271.15,0.0494
278.98333,0.06035,,251.25,0.2849,,271.16667,0.04956
279.06667,0.05939,,251.25,0.28539,,271.16667,0.05536
279.16667,0.06052,,251.25,0.28539,,271.18333,0.05423
279.21667,0.06422,,251.23333,0.2841,,271.18333,0.05858
279.26667,0.06132,,251.23333,0.28281,,271.18333,0.05745
279.31667,0.06293,,251.23333,0.28361,,271.18333,0.04924
279.4,0.05826,,251.23333,0.28249,,271.18333,0.05488
279.5,0.05826,,251.23333,0.28361,,271.18333,0.05617
279.6,0.05794,,251.23333,0.2812,,271.2,0.05778
279.68333,0.06116,,251.23333,0.28458,,271.2,0.05826
279.73333,0.05762,,251.23333,0.28216,,271.21667,0.05649
279.78333,0.05407,,251.23333,0.2841,,271.21667,0.05568
279.85,0.05359,,251.23333,0.28828,,271.21667,0.05311
279.9,0.05085,,251.25,0.28748,,271.21667,0.02959
279.96667,0.05182,,251.25,0.28635,,271.21667,-0.0015
280.01667,0.04988,,251.25,0.28667,,271.21667,-0.00102
280.11667,0.05069,,251.25,0.28345,,271.21667,-0.00118
280.23333,0.03345,,251.25,0.28458,,271.21667,-0.00037
280.33333,0.02749,,251.25,0.28023,,271.21667,-0.00118
280.43333,0.02492,,251.25,0.27556,,271.21667,0.00108
280.51667,0.02089,,251.26667,0.28007,,271.21667,-0.00005
280.58333,0.01686,,251.31667,0.28297,,271.21667,0.00172
280.66667,0.01235,,251.38333,0.28168,,271.21667,0.0014
280.76667,0.01203,,251.55,0.28458,,271.21667,0.00092
280.88333,0.01702,,251.71667,0.28474,,271.21667,0.00124
280.98333,0.00768,,251.88333,0.27991,,271.23333,0.00027
281.08333,0.0043,,252.06667,0.26509,,271.25,0.00301
281.18333,0.00414,,252.25,0.28329,,271.26667,0.00253
281.26667,0.00333,,252.48333,0.28973,,271.4,0.02008
281.36667,0.00092,,252.71667,0.29247,,271.61667,0.03426
281.48333,-0.00198,,253,0.29167,,271.86667,0.04827
281.61667,-0.00198,,253.3,0.29247,,272.1,0.04908
281.76667,-0.00102,,253.58333,0.29618,,272.3,0.05005
281.88333,-0.00263,,253.88333,0.29296,,272.41667,0.05166
281.98333,-0.00198,,254.16667,0.26799,,272.46667,0.05021
282.08333,0.00043,,254.43333,0.23899,,272.5,0.04908
282.21667,-0.00037,,254.7,0.21676,,272.51667,0.04988
282.35,0.00092,,254.95,0.16925,,272.56667,0.04843
282.45,0.02975,,255.11667,0.04779,,272.61667,0.04521
282.55,0.03007,,255.28333,0.09466,,272.65,0.03668
282.63333,0.04731,,255.45,0.14154,,272.66667,0.02798
282.71667,0.04972,,255.6,0.18374,,272.68333,0.03313
282.78333,0.04151,,255.75,0.22256,,272.7,0.03249
282.86667,0.03474,,255.9,0.26026,,272.73333,0.03458
282.93333,0.03023,,256.08333,0.28506,,272.75,0.03168
283.05,0.02685,,256.23333,0.30375,,272.8,0.03216
283.16667,0.01831,,256.4,0.3139,,272.81667,0.03313
283.3,0.008,,256.58333,0.31631,,272.83333,0.03555
283.41667,0.00365,,256.7,0.32018,,272.93333,0.03458
283.51667,0.00607,,256.83333,0.32002,,273.11667,0.03265
283.58333,0.01106,,257,0.31728,,273.28333,0.02395
283.65,0.01428,,257.16667,0.31905,,273.41667,0.02492
283.73333,0.01831,,257.35,0.31116,,273.5,0.02169
283.85,0.03361,,257.51667,0.31776,,273.63333,0.01767
283.95,0.04425,,257.68333,0.31293,,273.78333,0.0043
284.05,0.0341,,257.83333,0.31792,,273.96667,0.00591
284.15,0.05697,,258,0.3226,,274.1,0.01702
284.21667,0.05294,,258.11667,0.32678,,274.21667,0.04086
284.3,0.05166,,258.18333,0.32549,,274.38333,0.04457
284.36667,0.04843,,258.25,0.31921,,274.56667,0.04956
284.45,0.04795,,258.3,0.31325,,274.7,0.04779
284.5,0.05649,,258.35,0.31454,,274.8,0.04908
284.55,0.05117,,258.4,0.31148,,274.9,0.05021
284.63333,0.05133,,258.43333,0.32243,,275.01667,0.0465
284.71667,0.05246,,258.48333,0.33806,,275.11667,0.04328
284.78333,0.04779,,258.53333,0.33629,,275.25,0.04795
284.85,0.05423,,258.6,0.33355,,275.4,0.0465
284.91667,0.04956,,258.68333,0.32453,,275.51667,0.04521
284.98333,0.04682,,258.75,0.32421,,275.65,0.04457
285.03333,0.04843,,258.83333,0.32662,,275.75,0.0457
285.05,0.04505,,258.93333,0.33081,,275.85,0.04441
285.08333,0.05133,,259.05,0.34064,,275.95,0.04795
285.16667,0.05117,,259.2,0.33758,,276.08333,0.04151
285.26667,0.05069,,259.33333,0.33854,,276.21667,0.04151
285.36667,0.05069,,259.46667,0.34241,,276.33333,0.03523
285.45,0.04296,,259.58333,0.33194,,276.45,0.03506
285.53333,0.04408,,259.71667,0.24673,,276.53333,0.03587
285.65,0.03845,,259.85,0.04586,,276.6,0.03668
285.76667,0.03555,,259.98333,0.03458,,276.68333,0.03442
285.9,0.03104,,260.1,0.07115,,276.76667,0.04022
286,0.03458,,260.23333,0.1351,,276.86667,0.03764
286.1,0.03152,,260.38333,0.19373,,276.98333,0.04199
286.21667,0.032,,260.51667,0.24431,,277.05,0.04199
286.33333,0.02959,,260.66667,0.27395,,277.18333,0.04151
286.45,0.03426,,260.85,0.30488,,277.25,0.04151
286.55,0.03055,,261.01667,0.32614,,277.31667,0.04392
286.65,0.02991,,261.2,0.34402,,277.38333,0.04086
286.73333,0.04408,,261.35,0.35336,,277.45,0.04038
286.76667,0.04473,,261.53333,0.35352,,277.55,0.04086
286.78333,0.04344,,261.7,0.35111,,277.65,0.03184
286.81667,0.04376,,261.88333,0.35465,,277.75,0.03426
286.85,0.04698,,262.1,0.36238,,277.86667,0.02749
286.95,0.04296,,262.33333,0.35642,,277.95,0.02266
287.11667,0.04022,,262.53333,0.36625,,278.05,0.01203
287.43333,0.04586,,262.73333,0.36496,,278.11667,0.00736
287.7,0.05021,,262.95,0.36399,,278.18333,0.00269
287.86667,0.04634,,263.15,0.36625,,278.26667,0.0014
288.01667,0.04924,,263.31667,0.3648,,278.41667,0.00188
288.18333,0.04908,,263.48333,0.36738,,278.51667,0.0022
288.33333,0.04747,,263.6,0.36818,,278.6,-0.00086
288.51667,0.04553,,263.78333,0.36577,,278.68333,0.00075
288.73333,0.04231,,263.98333,0.3648,,278.8,0.00478
288.98333,0.04441,,264.16667,0.37156,,278.96667,0.00398
289.23333,0.03394,,264.33333,0.3714,,279.11667,0.0262
289.48333,0.02443,,264.48333,0.37237,,279.23333,0.02137
289.75,0.01912,,264.66667,0.37301,,279.35,0.03361
289.96667,0.02846,,264.81667,0.37511,,279.46667,0.03168
290.2,0.04231,,265,0.37092,,279.56667,0.02959
290.4,0.04167,,265.18333,0.37881,,279.65,0.02089
290.56667,0.04473,,265.36667,0.37946,,279.71667,0.02314
290.73333,0.04425,,265.51667,0.37769,,279.81667,0.01557
290.9,0.04473,,265.65,0.37253,,279.91667,0.01412
291.05,0.04247,,265.78333,0.35481,,280,0.01412
291.15,0.0436,,265.91667,0.34096,,280.08333,0.0159
291.23333,0.0486,,266.05,0.32646,,280.18333,0.01928
291.31667,0.04344,,266.2,0.33516,,280.28333,0.02637
291.43333,0.04135,,266.36667,0.36399,,280.38333,0.02701
291.55,0.03829,,266.51667,0.38171,,280.48333,0.03313
291.68333,0.03587,,266.63333,0.38799,,280.61667,0.03764
291.8,0.02024,,266.71667,0.38284,,280.75,0.03764
291.9,0.02186,,266.83333,0.38203,,280.88333,0.03845
292,0.02089,,266.93333,0.37946,,280.98333,0.03909
292.08333,0.02314,,267.05,0.37897,,281.06667,0.03877
292.15,0.02685,,267.18333,0.3859,,281.15,0.03249
292.21667,0.03216,,267.31667,0.3851,,281.2,0.03329
292.3,0.03651,,267.43333,0.38848,,281.26667,0.02782
292.4,0.04167,,267.53333,0.38284,,281.33333,0.02846
292.48333,0.03893,,267.6,0.38268,,281.41667,0.02991
292.56667,0.03893,,267.68333,0.37076,,281.48333,0.02572
292.66667,0.04312,,267.75,0.36238,,281.56667,0.02331
292.75,0.04296,,267.85,0.3532,,281.63333,0.02943
292.81667,0.04473,,267.96667,0.34321,,281.73333,0.02653
292.91667,0.04634,,268.08333,0.3118,,281.81667,0.02604
293.05,0.04344,,268.2,0.2841,,281.88333,0.0291
293.21667,0.04183,,268.3,0.26235,,281.93333,0.0262
293.36667,0.03877,,268.43333,0.23964,,282.03333,0.0312
293.5,0.03829,,268.6,0.18954,,282.13333,0.03361
293.58333,0.03684,,268.75,0.16071,,282.18333,0.03796
293.63333,0.03877,,268.88333,0.23046,,282.21667,0.03297
293.66667,0.03941,,269.03333,0.31245,,282.25,0.03442
293.7,0.03603,,269.18333,0.37913,,282.31667,0.02975
293.75,0.03361,,269.33333,0.40056,,282.35,0.03104
293.81667,0.03394,,269.45,0.39299,,282.38333,0.02749
293.91667,0.02878,,269.56667,0.39734,,282.43333,0.02588
294.06667,0.03007,,269.68333,0.40169,,282.46667,0.01863
294.16667,0.03474,,269.83333,0.40426,,282.5,0.01573
294.21667,0.03829,,270,0.34321,,282.55,0.01058
294.3,0.03233,,270.15,0.09257,,282.6,0.0109
294.36667,0.037,,270.28333,0.06809,,282.66667,0.0072
294.41667,0.037,,270.4,0.1293,,282.73333,0.00575
294.51667,0.03909,,270.48333,0.2071,,282.78333,0.00414
294.66667,0.03732,,270.58333,0.27266,,282.83333,0.0043
294.8,0.03909,,270.68333,0.33548,,282.9,0.00301
294.88333,0.04151,,270.8,0.35513,,282.96667,0.01155
294.98333,0.03893,,270.91667,0.37044,,283.03333,0.0072
295.1,0.03684,,271.08333,0.38928,,283.11667,0.0101
295.18333,0.03974,,271.26667,0.40942,,283.21667,0.02105
295.3,0.03748,,271.43333,0.41328,,283.31667,0.01573
295.43333,0.04231,,271.56667,0.41103,,283.4,0.02105
295.56667,0.03716,,271.71667,0.41473,,283.48333,0.02701
295.71667,0.03007,,271.83333,0.41473,,283.58333,0.0262
295.88333,0.02991,,271.96667,0.41022,,283.7,0.0254
296.06667,0.02089,,272.1,0.41264,,283.81667,0.03233
296.21667,0.01831,,272.28333,0.41264,,283.91667,0.03426
296.35,0.01074,,272.45,0.41747,,284.01667,0.03394
296.51667,0.00446,,272.56667,0.40716,,284.15,0.03571
296.68333,-0.0007,,272.7,0.39814,,284.28333,0.03716
296.83333,0.0014,,272.81667,0.36834,,284.4,0.03651
296.96667,0.00027,,272.9,0.35707,,284.55,0.03378
297.08333,0.00043,,272.96667,0.35417,,284.73333,0.03329
297.16667,0.00236,,273.05,0.34708,,284.88333,0.03796
297.26667,0.00269,,273.13333,0.33741,,285.03333,0.03265
297.4,0.00494,,273.23333,0.31486,,285.13333,0.03136
297.53333,0.03088,,273.31667,0.28104,,285.25,0.03152
297.65,0.02991,,273.4,0.25639,,285.4,0.0312
297.76667,0.03603,,273.48333,0.23771,,285.55,0.02975
297.86667,0.03635,,273.58333,0.3023,,285.7,0.0283
297.96667,0.03651,,273.68333,0.37221,,285.83333,0.03055
298.05,0.03506,,273.78333,0.4223,,285.96667,0.03394
298.18333,0.03748,,273.91667,0.42633,,286.1,0.03216
298.33333,0.03764,,274.01667,0.39637,,286.25,0.03329
298.48333,0.03587,,274.11667,0.38735,,286.38333,0.03555
298.6,0.03426,,274.21667,0.39476,,286.5,0.03458
298.75,0.03313,,274.31667,0.39621,,286.63333,0.03249
298.91667,0.0312,,274.41667,0.39927,,286.73333,0.03023
299.05,0.03023,,274.53333,0.4099,,286.81667,0.03474
299.18333,0.02524,,274.66667,0.42359,,286.93333,0.032
299.33333,0.03088,,274.81667,0.43455,,287.03333,0.02846
299.46667,0.03442,,275,0.43374,,287.16667,0.02991
299.6,0.03651,,275.16667,0.43712,,287.28333,0.02862
299.71667,0.03603,,275.3,0.43745,,287.38333,0.03055
299.83333,0.03136,,275.43333,0.43745,,287.51667,0.02427
299.95,0.03587,,275.56667,0.44292,,287.63333,0.0283
300.08333,0.03297,,275.7,0.43841,,287.73333,0.02395
300.2,0.03184,,275.85,0.4455,,287.83333,0.03023
300.33333,0.03506,,276,0.4447,,287.91667,0.02604
300.46667,0.03104,,276.15,0.43374,,288,0.02427
300.63333,0.04151,,276.3,0.42069,,288.1,0.02041
300.83333,0.03072,,276.48333,0.3975,,288.2,0.02508
300.98333,0.03072,,276.63333,0.42263,,288.3,0.02443
301.13333,0.03216,,276.76667,0.4339,,288.4,0.02524
301.3,0.02798,,276.9,0.4302,,288.51667,0.02798
301.41667,0.02927,,277.05,0.41844,,288.6,0.02266
301.56667,0.02024,,277.25,0.37446,,288.73333,0.02202
301.7,0.02459,,277.45,0.34708,,288.83333,0.02186
301.83333,0.02846,,277.63333,0.38155,,288.95,0.01831
301.96667,0.02733,,277.8,0.42633,,289.05,0.01896
302.1,0.02331,,277.96667,0.44308,,289.15,0.01493
302.21667,0.02443,,278.15,0.44695,,289.26667,0.01235
302.33333,0.02862,,278.33333,0.44631,,289.38333,0.00881
302.45,0.02604,,278.5,0.32485,,289.5,0.01284
302.6,0.0291,,278.65,0.02202,,289.58333,0.01074
302.73333,0.03426,,278.78333,0.00961,,289.7,0.01767
302.86667,0.03265,,278.88333,0.00897,,289.78333,0.02137
302.98333,0.03442,,279,0.01267,,289.86667,0.01944
303.11667,0.03055,,279.13333,0.01557,,289.96667,0.02556
303.21667,0.0312,,279.28333,0.02749,,290.05,0.02959
303.3,0.03361,,279.41667,0.06696,,290.13333,0.03055
303.4,0.03233,,279.6,0.15555,,290.25,0.02314
303.53333,0.03072,,279.81667,0.24479,,290.38333,0.03039
303.65,0.03152,,280.03333,0.33532,,290.5,0.03152
303.75,0.02927,,280.25,0.38558,,290.61667,0.02701
303.88333,0.02943,,280.45,0.37559,,290.76667,0.032
304,0.02476,,280.66667,0.36899,,290.93333,0.03136
304.15,0.0188,,280.85,0.40636,,291.15,0.02975
304.28333,0.02282,,281.05,0.43648,,291.3,0.02975
304.36667,0.01026,,281.25,0.42665,,291.45,0.03007
304.41667,0.01026,,281.41667,0.32598,,291.58333,0.02749
304.5,0.00945,,281.6,0.13332,,291.7,0.0254
304.6,0.01235,,281.75,0.08355,,291.8,0.02701
304.73333,0.0109,,281.86667,0.08274,,291.91667,0.01928
304.88333,0.01493,,281.98333,0.11818,,292.06667,0.02492
305,0.013,,282.08333,0.18439,,292.21667,0.02041
305.1,0.0138,,282.16667,0.23883,,292.33333,0.01992
305.2,0.00752,,282.25,0.29102,,292.45,0.02234
305.26667,0.01155,,282.33333,0.34499,,292.55,0.01912
305.33333,0.01332,,282.4,0.36689,,292.66667,0.02476
305.43333,0.00494,,282.46667,0.40072,,292.75,0.02105
305.53333,0.00526,,282.53333,0.42102,,292.83333,0.02588
305.68333,0.00913,,282.6,0.43632,,292.9,0.02669
305.86667,0.01203,,282.65,0.44614,,292.98333,0.02798
305.96667,0.01638,,282.68333,0.45339,,293.1,0.02604
306.03333,0.01654,,282.73333,0.46177,,293.18333,0.02894
306.08333,0.01606,,282.8,0.45549,,293.25,0.02153
306.16667,0.02331,,282.88333,0.46451,,293.33333,0.02556
306.28333,0.02669,,282.96667,0.47965,,293.41667,0.02798
306.38333,0.02733,,283.08333,0.47482,,293.51667,0.02459
306.51667,0.02846,,283.21667,0.4687,,293.61667,0.02363
306.63333,0.02524,,283.33333,0.47739,,293.71667,0.02653
306.73333,0.02669,,283.43333,0.48448,,293.8,0.02331
306.81667,0.02572,,283.51667,0.47739,,293.9,0.02894
306.95,0.02057,,283.63333,0.48819,,294,0.02943
307.05,0.01912,,283.76667,0.49221,,294.08333,0.0254
307.15,0.01606,,283.9,0.49302,,294.18333,0.02588
307.21667,0.01541,,284.08333,0.47933,,294.28333,0.02202
307.28333,0.01364,,284.21667,0.48448,,294.41667,0.02572
307.33333,0.00994,,284.35,0.48062,,294.56667,0.0225
307.43333,0.00526,,284.46667,0.47772,,294.66667,0.01718
307.55,0.00607,,284.56667,0.47562,,294.73333,0.01541
307.68333,0.00204,,284.65,0.47015,,294.76667,0.01348
307.8,0.00188,,284.76667,0.47997,,294.8,0.01541
307.91667,0.00075,,284.88333,0.49076,,294.83333,0.01284
308.01667,-0.00102,,285,0.47772,,294.86667,0.01525
308.06667,-0.00198,,285.11667,0.48432,,294.93333,0.01219
308.13333,-0.00053,,285.25,0.48287,,294.98333,0.00704
308.2,-0.00263,,285.38333,0.48609,,295.01667,0.01139
308.26667,-0.00215,,285.51667,0.48448,,295.03333,0.0109
308.35,-0.00005,,285.66667,0.48142,,295.06667,0.0101
308.46667,-0.00311,,285.86667,0.47385,,295.11667,0.0101
308.56667,-0.00215,,286.08333,0.33967,,295.21667,0.02395
308.65,-0.00215,,286.31667,0.12914,,295.4,0.02282
308.73333,0.00156,,286.53333,0.02492,,295.61667,0.02459
308.8,0.00961,,286.7,0.01106,,295.76667,0.0225
308.88333,0.0225,,286.85,0.00526,,295.83333,0.0225
308.96667,0.02331,,286.96667,0.00994,,295.95,0.02443
309.01667,0.02363,,287.05,0.00784,,296.05,0.01477
309.11667,0.01928,,287.13333,0.00655,,296.2,0.01638
309.23333,0.02685,,287.21667,0.00994,,296.35,0.01171
309.36667,0.02862,,287.31667,0.01251,,296.51667,0.00832
309.46667,0.02701,,287.4,0.01477,,296.63333,0.00285
309.6,0.0283,,287.46667,0.05907,,296.76667,0.00075
309.71667,0.0283,,287.51667,0.24753,,296.85,0.00333
309.78333,0.02556,,287.55,0.37752,,296.95,0.00092
309.83333,0.02524,,287.6,0.44663,,296.98333,0.00092
309.88333,0.0312,,287.63333,0.47321,,297.03333,0.00253
309.93333,0.02653,,287.66667,0.4848,,297.08333,0.00188
310,0.02765,,287.68333,0.49318,,297.13333,0.00446
310.08333,0.03104,,287.71667,0.49656,,297.2,0.00156
310.16667,0.02669,,287.75,0.49656,,297.25,0.00317
310.23333,0.02637,,287.76667,0.4877,,297.31667,0.00398
310.26667,0.02975,,287.8,0.48191,,297.45,0.00317
310.3,0.02798,,287.81667,0.49012,,297.6,0.00575
310.35,0.02733,,287.83333,0.48915,,297.75,0.008
310.38333,0.02653,,287.85,0.48658,,297.91667,0.00736
310.41667,0.0283,,287.88333,0.49076,,298.08333,0.01332
310.46667,0.02733,,287.9,0.4848,,298.26667,0.01606
310.53333,0.02814,,287.96667,0.47949,,298.53333,0.02008
310.61667,0.02814,,288.08333,0.42891,,298.76667,0.0167
310.71667,0.02717,,288.2,0.39975,,298.88333,0.02105
310.81667,0.03023,,288.31667,0.37044,,298.98333,0.01573
310.9,0.02266,,288.38333,0.27153,,299.11667,0.01944
311.01667,0.02218,,288.48333,0.17037,,299.3,0.01525
311.13333,0.02266,,288.58333,0.11995,,299.56667,0.00849
311.23333,0.02105,,288.7,0.05874,,299.9,0.01155
311.33333,0.02314,,288.8,0.03587,,300.21667,0.01702
311.41667,0.02556,,288.88333,0.02282,,300.46667,0.01815
311.46667,0.02701,,288.98333,0.01912,,300.68333,0.0196
311.53333,0.02814,,289.08333,0.01477,,300.85,0.01718
311.6,0.02121,,289.16667,0.02024,,300.98333,0.02411
311.65,0.01815,,289.25,0.01718,,301.1,0.01735
311.7,0.01557,,289.35,0.0225,,301.26667,0.01912
311.75,0.02395,,289.41667,0.05778,,301.46667,0.02234
311.78333,0.02476,,289.48333,0.26912,,301.63333,0.01928
311.8,0.0225,,289.53333,0.45597,,301.78333,0.01928
311.83333,0.02572,,289.61667,0.49447,,301.95,0.01863
311.86667,0.02524,,289.7,0.49334,,302.1,0.02105
311.95,0.02524,,289.78333,0.48497,,302.26667,0.01606
312.06667,0.03039,,289.85,0.48464,,302.45,0.01831
312.18333,0.02685,,289.9,0.47933,,302.63333,0.02024
312.3,0.02814,,289.95,0.45694,,302.8,0.01235
312.4,0.02637,,290,0.45935,,302.93333,0.02186
312.5,0.02846,,290.05,0.44808,,303.08333,0.02089
312.58333,0.02798,,290.1,0.43439,,303.25,0.02282
312.75,0.02765,,290.15,0.40829,,303.43333,0.0188
312.93333,0.02298,,290.2,0.41522,,303.63333,0.02089
313.08333,0.02556,,290.25,0.40507,,303.88333,0.02008
313.18333,0.02733,,290.31667,0.39605,,304.16667,0.02024
313.23333,0.0291,,290.38333,0.38252,,304.43333,0.01799
313.28333,0.02846,,290.45,0.3888,,304.73333,0.0225
313.33333,0.02379,,290.55,0.45452,,304.95,0.01783
313.38333,0.02782,,290.7,0.50558,,305.13333,0.02057
313.46667,0.02331,,290.83333,0.51315,,305.28333,0.01831
313.6,0.02701,,290.95,0.51638,,305.43333,0.02331
313.8,0.02846,,291.01667,0.53136,,305.56667,0.0188
313.96667,0.02749,,291.08333,0.50623,,305.73333,0.02153
314.2,0.02411,,291.18333,0.50252,,305.88333,0.02024
314.45,0.02492,,291.26667,0.5051,,305.98333,0.01944
314.76667,0.02508,,291.36667,0.50929,,306.1,0.01863
315.03333,0.02476,,291.46667,0.50591,,306.2,0.01847
315.2,0.01799,,291.6,0.49898,,306.31667,0.02008
315.31667,0.01155,,291.75,0.4848,,306.41667,0.02024
315.41667,0.00027,,291.88333,0.50317,,306.55,0.01896
315.5,0.00285,,291.98333,0.51299,,306.66667,0.02234
315.56667,0.00317,,292.05,0.3524,,306.83333,0.01412
315.65,0.00575,,292.11667,0.16667,,306.96667,0.01847
315.73333,0.00446,,292.18333,0.21709,,307.11667,0.01799
315.83333,0.00994,,292.18333,0.25188,,307.23333,0.02024
315.96667,0.01702,,292.18333,0.32195,,307.36667,0.01815
316.13333,0.02395,,292.2,0.33371,,307.51667,0.01509
316.33333,0.02121,,292.2,0.34563,,307.68333,0.01171
316.51667,0.02331,,292.2,0.36222,,307.83333,0.01364
316.66667,0.0254,,292.2,0.3735,,307.95,0.01622
316.85,0.02669,,292.2,0.38767,,308.1,0.02057
316.86667,0.02637,,292.21667,0.45694,,308.2,0.01541
316.86667,0.02637,,292.21667,0.46274,,308.31667,0.01912
316.88333,0.02862,,292.21667,0.46209,,308.45,0.01976
316.88333,0.0291,,292.23333,0.46837,,308.56667,0.0188
316.88333,0.02959,,292.23333,0.47595,,308.68333,0.01863
316.88333,0.02701,,292.23333,0.4716,,308.78333,0.01396
316.9,0.02669,,292.25,0.431,,308.86667,0.02041
316.91667,0.02476,,292.26667,0.44083,,308.93333,0.0188
316.91667,0.02572,,292.28333,0.45388,,309,0.01348
316.91667,0.02492,,292.3,0.45033,,309.06667,0.01573
316.93333,0.02701,,292.3,0.44212,,309.15,0.01783
316.93333,0.02637,,292.3,0.44421,,309.21667,0.0167
316.93333,0.02298,,292.3,0.48029,,309.26667,0.0167
316.95,0.0283,,292.3,0.45565,,309.33333,0.01718
316.96667,0.02588,,292.3,0.47176,,309.41667,0.01477
316.96667,0.02685,,292.3,0.49028,,309.51667,0.01702
316.96667,0.02331,,292.3,0.49141,,309.58333,0.01477
316.96667,0.02701,,292.3,0.50397,,309.65,0.01509
316.96667,0.02363,,292.3,0.53071,,309.73333,0.0167
316.96667,0.02492,,292.3,0.5291,,309.85,0.01396
316.96667,0.02427,,292.3,0.53136,,310,0.01573
316.96667,0.02298,,292.3,0.53281,,310.13333,0.01799
316.95,0.02379,,292.3,0.51831,,310.23333,0.01445
316.95,0.02637,,292.3,0.51283,,310.33333,0.01622
316.95,0.02492,,292.28333,0.51154,,310.56667,0.01686
316.95,0.02943,,292.28333,0.51332,,310.85,0.01702
316.93333,0.02749,,292.28333,0.51219,,311.01667,0.01122
316.93333,0.02427,,292.26667,0.51493,,311.11667,0.01235
316.93333,0.02508,,292.26667,0.51332,,311.2,0.01573
316.93333,0.02975,,292.26667,0.5109,,311.31667,0.01638
316.93333,0.02782,,292.26667,0.51444,,311.5,0.01557
316.93333,0.02765,,292.26667,0.50864,,311.8,0.01219
316.93333,0.02459,,292.26667,0.51283,,312.05,0.00494
316.93333,0.02427,,292.26667,0.51267,,312.18333,0.0051
316.93333,0.02476,,292.26667,0.51267,,312.33333,0.00494
316.93333,0.02701,,292.26667,0.50736,,312.51667,0.00623
316.93333,0.02604,,292.26667,0.51299,,312.7,0.00607
316.93333,0.02427,,292.26667,0.51154,,312.86667,0.00526
316.93333,0.02524,,292.26667,0.51138,,313,0.00575
316.93333,0.02411,,292.26667,0.51026,,313.18333,0.00381
316.93333,0.02556,,292.26667,0.5051,,313.33333,0.00236
316.93333,0.0254,,292.26667,0.51058,,313.5,0.00301
316.93333,0.02395,,292.26667,0.50897,,313.63333,0.00027
316.93333,0.02685,,292.26667,0.50752,,313.73333,0.00381
316.93333,0.02508,,292.26667,0.50993,,313.83333,0.00655
316.93333,0.02749,,292.26667,0.50558,,313.88333,0.00704
316.93333,0.02733,,292.26667,0.50816,,313.93333,0.00623
316.93333,0.02862,,292.26667,0.50381,,313.98333,0.01461
316.93333,0.02524,,292.26667,0.51042,,314.03333,0.01493
316.93333,0.02637,,292.25,0.50639,,314.1,0.01428
316.91667,0.02443,,292.25,0.50784,,314.15,0.01477
316.91667,0.02411,,292.25,0.50703,,314.21667,0.01396
316.91667,0.02476,,292.25,0.51106,,314.3,0.01412
316.91667,0.02749,,292.25,0.50784,,314.43333,0.01541
316.91667,0.02975,,292.25,0.50864,,314.63333,0.01203
316.91667,0.02669,,292.25,0.5043,,314.85,0.01058
316.91667,0.02524,,292.25,0.50655,,315.11667,0.01573
316.91667,0.0225,,292.25,0.50542,,315.38333,0.01493
316.91667,0.02685,,292.25,0.51154,,315.58333,0.01122
316.91667,0.02572,,292.25,0.51396,,315.71667,0.01557
316.91667,0.02298,,292.25,0.52314,,315.81667,0.0159
316.91667,0.02733,,292.25,0.50993,,315.9,0.01364
316.91667,0.02604,,292.25,0.50607,,315.98333,0.01332
316.91667,0.02379,,292.25,0.50687,,316.1,0.01155
316.91667,0.02669,,292.25,0.50478,,316.23333,0.01284
316.91667,0.02218,,292.25,0.50703,,316.35,0.01267
316.91667,0.02685,,292.25,0.50268,,316.53333,0.00639
316.91667,0.02604,,292.25,0.50349,,316.7,0.00994
316.91667,0.02314,,292.25,0.50671,,316.86667,0.00285
316.91667,0.0262,,292.25,0.50542,,317,0.00398
316.91667,0.02459,,292.25,0.50703,,317.1,0.00446
316.91667,0.0262,,292.25,0.50897,,317.2,0.01155
316.91667,0.02878,,292.25,0.50768,,317.26667,0.00961
,,,292.25,0.50607,,317.26667,0.00881
,,,292.25,0.51154,,317.28333,0.01187
,,,292.25,0.50478,,317.28333,0.01251
,,,292.25,0.50558,,317.28333,0.00591
,,,292.25,0.51171,,317.28333,0.00543
,,,292.25,0.51106,,317.3,0.00897
,,,292.25,0.50446,,317.3,0.01026
,,,292.25,0.50172,,317.3,0.0072
,,,292.25,0.50204,,317.31667,0.0072
,,,292.25,0.50349,,317.33333,0.00832
,,,292.25,0.50301,,317.36667,0.01267
,,,292.25,0.50526,,317.41667,0.00929
,,,292.25,0.50397,,317.43333,0.00478
,,,292.25,0.50397,,317.43333,0.01187
,,,292.25,0.50317,,317.45,0.01139
,,,292.25,0.50397,,317.45,0.01638
,,,292.25,0.50671,,317.45,0.01122
,,,292.25,0.50784,,317.43333,0.0167
,,,292.25,0.50575,,317.43333,0.01428
,,,292.25,0.50655,,317.43333,0.01267
,,,292.25,0.50397,,317.43333,0.01187
,,,292.25,0.50687,,317.41667,0.0109
,,,292.25,0.50542,,317.41667,0.0014
,,,292.25,0.50784,,317.4,0.01074
,,,292.25,0.50687,,317.4,0.00768
,,,292.25,0.50752,,317.4,0.00462
,,,292.25,0.50736,,317.4,0.00784
,,,292.25,0.50333,,317.4,0.00688
,,,292.25,0.50752,,317.4,0.00977
,,,292.25,0.50236,,317.4,0.01139
,,,292.25,0.50768,,317.4,0.00446
,,,292.25,0.50703,,317.4,0.00897
,,,292.25,0.50542,,317.4,0.01106
,,,292.25,0.50719,,317.4,0.00929
,,,292.25,0.50301,,317.4,0.00784
,,,292.25,0.50687,,317.4,0.00349
,,,292.25,0.50268,,317.38333,0.00784
,,,292.25,0.508,,317.38333,0.01122
,,,292.25,0.50462,,317.38333,0.00994
,,,292.25,0.50864,,317.38333,0.00688
,,,292.25,0.50542,,317.38333,0.0109
,,,292.25,0.50526,,317.38333,0.01058
,,,292.25,0.5022,,317.38333,0.01058
,,,292.25,0.49334,,317.38333,0.00816
,,,292.25,0.50397,,317.38333,0.00977
,,,292.25,0.50526,,317.38333,0.01058
,,,292.25,0.50977,,317.38333,0.00929
,,,292.25,0.50913,,317.38333,0.00961
,,,292.25,0.50494,,317.38333,0.00784
,,,292.25,0.50446,,317.38333,0.01171
,,,292.25,0.50494,,317.38333,0.01074
,,,292.25,0.50607,,317.38333,0.00881
,,,292.25,0.50655,,317.38333,0.00897
,,,292.25,0.50172,,317.38333,0.01203
,,,292.25,0.50526,,317.38333,0.00929
,,,292.25,0.50864,,317.38333,0.00994
,,,292.25,0.50575,,317.38333,0.00913
,,,292.25,0.50719,,317.38333,0.0109
,,,292.25,0.50558,,317.38333,0.01187
,,,292.25,0.50623,,317.38333,0.00816
,,,292.25,0.50349,,317.38333,0.00897
,,,292.25,0.50591,,317.38333,0.008
,,,292.25,0.50252,,317.38333,0.01122
,,,292.25,0.50623,,317.38333,0.00929
,,,292.25,0.50929,,317.38333,0.00784
,,,292.25,0.51428,,317.38333,0.00961
,,,292.25,0.50156,,317.38333,0.0072
,,,292.25,0.50075,,317.38333,0.00897
,,,292.25,0.50816,,317.38333,0.008
,,,292.25,0.50558,,317.38333,0.00784
,,,292.25,0.49205,,317.38333,0.0109
,,,292.25,0.50671,,317.38333,0.01155
,,,292.25,0.50462,,317.38333,0.00849
,,,292.25,0.50091,,317.38333,0.00961
,,,292.25,0.50671,,317.38333,0.01074
,,,292.25,0.50494,,317.38333,0.00945
,,,292.25,0.5051,,317.38333,0.01058
,,,292.25,0.50236,,317.38333,0.00832
,,,292.25,0.50059,,317.38333,0.00929
,,,292.25,0.5014,,317.38333,0.01235
,,,292.25,0.50317,,317.38333,0.00752
,,,292.25,0.50397,,317.38333,0.00704
,,,292.25,0.50285,,317.38333,0.0101
,,,292.25,0.50268,,317.38333,0.00945
,,,292.25,0.50123,,317.38333,0.00688
,,,292.25,0.50285,,317.36667,0.01026
,,,292.25,0.50558,,317.36667,0.01058
,,,292.25,0.50526,,317.36667,0.00881
,,,292.25,0.50446,,317.36667,0.008
,,,292.25,0.50236,,317.36667,0.00849
,,,292.25,0.50591,,317.36667,0.00849
,,,292.25,0.50575,,317.36667,0.0109
,,,292.25,0.50333,,317.36667,0.00655
,,,292.25,0.50365,,317.36667,0.00881
,,,292.25,0.50462,,317.36667,0.01251
,,,292.25,0.50301,,317.36667,0.00736
,,,292.25,0.4906,,317.36667,0.00994
,,,292.25,0.50172,,317.36667,0.00849
,,,292.25,0.50349,,317.36667,0.00832
,,,292.25,0.49914,,317.36667,0.01042
,,,292.25,0.50478,,317.36667,0.008
,,,292.25,0.50349,,317.36667,0.00977
,,,292.25,0.50285,,317.36667,0.01187
,,,292.25,0.50462,,317.36667,0.00881
,,,292.25,0.50349,,317.36667,0.00945
,,,292.25,0.50252,,317.36667,0.00849
,,,292.25,0.50446,,317.36667,0.01203
,,,292.25,0.50236,,317.36667,0.00832
,,,292.25,0.49979,,317.36667,0.01042
,,,292.25,0.50188,,317.36667,0.00752
,,,292.25,0.50591,,317.36667,0.01026
,,,292.25,0.50413,,317.36667,0.0109
,,,,,,317.36667,0.00849
,,,,,,317.36667,0.00994
,,,,,,317.36667,0.01058
,,,,,,317.36667,0.01187
,,,,,,317.36667,0.00784
,,,,,,317.36667,0.00961
,,,,,,317.36667,0.00832
,,,,,,317.36667,0.01187
,,,,,,317.36667,0.01106
,,,,,,317.36667,0.00977
,,,,,,317.36667,0.01139
,,,,,,317.36667,0.00816
,,,,,,317.36667,0.00897
,,,,,,317.36667,0.00865
,,,,,,317.36667,0.00897
,,,,,,317.36667,0.01139
,,,,,,317.36667,0.01139
,,,,,,317.36667,0.00994
,,,,,,317.36667,0.01284
,,,,,,317.36667,0.01219
,,,,,,317.36667,0.01058
,,,,,,317.36667,0.00591
,,,,,,317.36667,0.00881
,,,,,,317.36667,0.01026
,,,,,,317.36667,0.01235
,,,,,,317.36667,0.00849
,,,,,,317.36667,0.00961
,,,,,,317.36667,0.00913
,,,,,,317.36667,0.01219
,,,,,,317.36667,0.00526